22467,Sta,Switch ON!
22505,Sta,Initialize SD OK!
40540,MagCal,199000,79000,961,19,xMaxs,221,124,124,124,124,124,122,122,122,122,xMins,-519,-519,-519,-519,-522,-522,-522,-522,-522,-760,yMaxs,260,260,260,260,260,257,257,257,257,257,yMins,-396,-396,-396,-396,-396,-415,-415,-415,-415,-415
58653,MagCal,203000,67500,989,2,xMaxs,121,121,121,121,121,121,121,121,121,121,xMins,-525,-525,-525,-527,-527,-527,-527,-527,-747,-748,yMaxs,260,260,260,260,260,260,260,260,260,260,yMins,-395,-395,-395,-395,-395,-395,-395,-395,-395,-395
60984,Sta,Initialize GPS OK!
61004,Sta,Initialization Finish!
66042	-159.00	263.65
66061	-159.00	264.64
66076	-159.00	264.64
66093	-159.00	264.64
66108	-159.00	264.64
66123	-170.00	269.59
66140	-170.00	269.59
66155	-170.00	269.59
66170	-170.00	269.59
66189	-223.00	222.10
66210	-223.00	222.10
66233	-223.00	222.10
66254	-223.00	222.10
66276	-223.00	222.10
66298	-223.00	222.10
66320	-223.00	222.10
66341	-223.00	222.10
66364	-223.00	222.10
66385	-223.00	222.10
66407	-223.00	222.10
66429	-223.00	222.10
66452	-223.00	222.10
66472	-223.00	222.10
66495	-223.00	222.10
66516	-223.00	222.10
66538	-243.00	-194.40
66562	-243.00	-194.40
66584	-243.00	-194.40
66607	-243.00	-194.40
66630	-243.00	-194.40
66653	-243.00	-194.40
66675	-243.00	-194.40
66699	-243.00	-194.40
66721	-211.00	-292.34
66744	45.00	-292.34
66765	45.00	-292.34
66786	45.00	-292.34
66806	141.00	-261.67
66829	141.00	-261.67
66850	141.00	-261.67
66872	141.00	-261.67
66894	141.00	-261.67
66916	141.00	-261.67
66937	297.00	-114.27
66960	297.00	-114.27
66981	297.00	-114.27
67004	322.00	-21.27
67023	322.00	-21.27
67045	322.00	-21.27
67065	319.00	82.61
67085	319.00	82.61
67105	319.00	82.61
67125	276.00	169.67
67145	276.00	169.67
67167	276.00	169.67
67187	276.00	169.67
67208	276.00	169.67
67229	276.00	169.67
67250	276.00	169.67
67270	119.00	267.61
67292	119.00	267.61
67312	119.00	267.61
67333	49.00	283.44
67352	49.00	283.44
67373	49.00	283.44
67392	-36.00	301.25
67412	-36.00	301.25
67434	-36.00	301.25
67454	115.00	286.41
67475	-141.00	286.41
67497	-141.00	286.41
67519	-141.00	286.41
67540	-141.00	286.41
67563	-141.00	286.41
67585	-141.00	286.41
67606	-141.00	286.41
67629	-141.00	286.41
67650	-141.00	286.41
67672	-141.00	286.41
67694	-141.00	286.41
67716	-141.00	286.41
67737	-312.00	-61.83
67760	-312.00	-61.83
67781	-312.00	-61.83
67803	-282.00	-139.99
67826	-282.00	-139.99
67849	-282.00	-139.99
67871	-218.00	-217.15
67895	-218.00	-217.15
67917	-218.00	-217.15
67940	-218.00	-217.15
67963	-218.00	-217.15
67986	-218.00	-217.15
68008	-218.00	-217.15
68032	-218.00	-217.15
68055	82.00	-285.42
68075	82.00	-285.42
68097	82.00	-285.42
68117	82.00	-285.42
68137	82.00	-285.42
68159	82.00	-285.42
68179	82.00	-285.42
68200	261.00	-167.69
68221	261.00	-167.69
68244	261.00	-167.69
68265	316.00	-82.61
68286	316.00	-82.61
68307	316.00	-82.61
68328	326.00	29.18
68347	326.00	29.18
68368	326.00	29.18
68387	301.00	122.18
68408	301.00	122.18
68429	301.00	122.18
68450	301.00	122.18
68470	301.00	122.18
68492	301.00	122.18
68512	301.00	122.18
68533	155.00	264.64
68553	155.00	264.64
68575	155.00	264.64
68597	73.00	271.57
68615	73.00	271.57
68635	73.00	271.57
68655	19.00	292.34
68674	19.00	292.34
68695	19.00	292.34
68714	19.00	292.34
68733	-84.00	303.22
68755	-84.00	303.22
68775	-84.00	303.22
68796	-183.00	258.71
68817	-183.00	258.71
68840	-183.00	258.71
68861	-253.00	190.44
68883	-253.00	190.44
68905	-253.00	190.44
68927	-301.00	97.45
68947	-301.00	97.45
68969	-301.00	97.45
68989	-314.00	-1.48
69010	-314.00	-1.48
69031	-314.00	-1.48
69052	-314.00	-1.48
69072	-314.00	-1.48
69094	-314.00	-1.48
69115	-314.00	-1.48
69135	-314.00	-1.48
69156	-314.00	-1.48
69177	-314.00	-1.48
69197	-189.00	-234.96
69220	-189.00	-234.96
69243	-189.00	-234.96
69266	-95.00	-280.47
69288	-95.00	-280.47
69310	-95.00	-280.47
69331	4.00	-292.34
69351	4.00	-292.34
69371	4.00	-292.34
69391	101.00	-282.45
69412	101.00	-282.45
69435	101.00	-282.45
69456	202.00	-233.97
69478	202.00	-233.97
69500	202.00	-233.97
69522	277.00	-152.85
69543	277.00	-152.85
69566	277.00	-152.85
69587	317.00	-60.84
69608	317.00	-60.84
69629	317.00	-60.84
69670	328.00	44.02
69686	328.00	44.02
69701	328.00	44.02
69718	328.00	44.02
69733	328.00	44.02
69748	328.00	44.02
69769	328.00	44.02
69788	217.00	229.03
69809	217.00	229.03
69830	217.00	229.03
69851	217.00	229.03
69871	217.00	229.03
69893	217.00	229.03
69913	217.00	229.03
69934	50.00	270.58
69954	50.00	270.58
69974	50.00	270.58
69993	-8.00	294.32
70012	-8.00	294.32
70033	-8.00	294.32
70052	-8.00	294.32
70072	-8.00	294.32
70092	-8.00	294.32
70112	-8.00	294.32
70131	-201.00	243.87
70154	-201.00	243.87
70175	-201.00	243.87
70199	-267.00	168.68
70218	-267.00	168.68
70241	-267.00	168.68
70262	-306.00	83.60
70283	-306.00	83.60
70304	-306.00	83.60
70325	-316.00	-14.35
70346	-316.00	-14.35
70369	-316.00	-14.35
70390	-294.00	-100.42
70413	-294.00	-100.42
70436	-294.00	-100.42
70459	-247.00	-178.57
70481	-247.00	-178.57
70505	-247.00	-178.57
70528	-174.00	-251.78
70550	-174.00	-251.78
70574	-174.00	-251.78
70596	-78.00	-293.33
70618	-78.00	-293.33
70640	-78.00	-293.33
70662	32.00	-295.31
70682	32.00	-295.31
70704	32.00	-295.31
70726	129.00	-269.59
70746	129.00	-269.59
70768	129.00	-269.59
70790	225.00	-210.23
70811	225.00	-210.23
70834	225.00	-210.23
70855	292.00	-126.14
70877	292.00	-126.14
70899	292.00	-126.14
70921	322.00	-34.13
70941	322.00	-34.13
70963	322.00	-34.13
70983	322.00	-34.13
71004	322.00	-34.13
71025	322.00	-34.13
71046	322.00	-34.13
71066	281.00	168.68
71088	281.00	168.68
71108	281.00	168.68
71129	205.00	245.84
71149	205.00	245.84
71171	205.00	245.84
71191	90.00	288.38
71211	90.00	288.38
71231	90.00	288.38
71252	90.00	288.38
71270	90.00	288.38
71290	90.00	288.38
71310	90.00	288.38
71329	-23.00	296.30
71350	-23.00	296.30
71371	-23.00	296.30
71392	-131.00	281.46
71413	-131.00	281.46
71436	-131.00	281.46
71457	-222.00	227.05
71479	-222.00	227.05
71501	-222.00	227.05
71523	-282.00	148.89
71544	-282.00	148.89
71567	-282.00	148.89
71588	-311.00	58.86
71609	-311.00	58.86
71630	-311.00	58.86
71651	-311.00	58.86
71671	-311.00	58.86
71693	-311.00	58.86
71713	-311.00	58.86
71734	-280.00	-128.12
71757	-280.00	-128.12
71780	-280.00	-128.12
71802	-223.00	-212.21
71826	-223.00	-212.21
71848	-223.00	-212.21
71871	-136.00	-265.63
71895	-136.00	-265.63
71917	-136.00	-265.63
71940	-136.00	-265.63
71963	-136.00	-265.63
71986	-136.00	-265.63
72008	-136.00	-265.63
72032	-136.00	-265.63
72054	171.00	-257.72
72076	171.00	-257.72
72098	171.00	-257.72
72120	171.00	-257.72
72141	171.00	-257.72
72164	171.00	-257.72
72185	171.00	-257.72
72207	171.00	-257.72
72229	171.00	-257.72
72251	171.00	-257.72
72272	325.00	-9.40
72293	325.00	-9.40
72314	325.00	-9.40
72332	317.00	92.50
72352	317.00	92.50
72372	317.00	92.50
72391	269.00	184.51
72412	269.00	184.51
72433	269.00	184.51
72454	182.00	258.71
72474	182.00	258.71
72496	182.00	258.71
72516	182.00	258.71
72537	182.00	258.71
72558	182.00	258.71
72579	182.00	258.71
72599	23.00	240.90
72620	23.00	240.90
72639	23.00	240.90
72658	-37.00	292.34
72679	-37.00	292.34
72700	-37.00	292.34
72721	-144.00	276.51
72742	-144.00	276.51
72765	-144.00	276.51
72786	-232.00	212.21
72808	-232.00	212.21
72830	-232.00	212.21
72853	-232.00	212.21
72873	-232.00	212.21
72896	-232.00	212.21
72918	-232.00	212.21
72939	-313.00	43.04
72961	-313.00	43.04
72981	-313.00	43.04
73001	-308.00	-57.87
73024	-308.00	-57.87
73046	-308.00	-57.87
73067	-274.00	-146.91
73091	-274.00	-146.91
73113	-274.00	-146.91
73136	-211.00	-215.18
73159	-211.00	-215.18
73182	-211.00	-215.18
73204	-211.00	-215.18
73228	-211.00	-215.18
73250	-211.00	-215.18
73273	-211.00	-215.18
73296	-211.00	-215.18
73319	-211.00	-215.18
73341	-211.00	-215.18
73365	-211.00	-215.18
73388	169.00	-252.77
73409	169.00	-252.77
73432	169.00	-252.77
73453	3.00	-183.52
73473	259.00	-183.52
73495	259.00	-183.52
73517	259.00	-183.52
73538	259.00	-183.52
73561	259.00	-183.52
73582	259.00	-183.52
73604	259.00	-183.52
73626	259.00	-183.52
73648	259.00	-183.52
73669	312.00	114.27
73691	312.00	114.27
73711	312.00	114.27
73732	256.00	207.26
73753	256.00	207.26
73774	256.00	207.26
73794	159.00	286.41
73816	159.00	286.41
73836	159.00	286.41
73857	26.00	290.36
73876	26.00	290.36
73896	26.00	290.36
73930	30.00	250.79
73946	30.00	250.79
73961	30.00	250.79
73976	30.00	250.79
73995	-26.00	296.30
74016	-26.00	296.30
74037	-26.00	296.30
74057	-138.00	286.41
74079	-138.00	286.41
74101	-138.00	286.41
74123	-216.00	241.89
74144	-216.00	241.89
74167	-216.00	241.89
74188	-269.00	166.70
74210	-269.00	166.70
74232	-269.00	166.70
74254	-301.00	83.60
74274	-301.00	83.60
74296	-301.00	83.60
74316	-301.00	83.60
74337	-301.00	83.60
74358	-301.00	83.60
74379	-301.00	83.60
74399	-310.00	-54.91
74422	-310.00	-54.91
74443	-310.00	-54.91
74465	-287.00	-117.23
74488	-287.00	-117.23
1943,Sta,Switch ON!
1987,Sta,Initialize SD OK!
20029,MagCal,194500,49000,918,0,xMaxs,129,129,129,129,129,128,128,128,128,128,xMins,-517,-517,-517,-517,-517,-517,-517,-517,-517,-517,yMaxs,302,302,302,302,302,302,302,302,302,302,yMins,-400,-400,-400,-400,-400,-400,-400,-400,-400,-400
22483,Sta,Initialize GPS OK!
22504,Sta,Initialization Finish!
27542	295.50	97.39
27560	295.50	97.39
27576	295.50	97.39
27591	295.50	97.39
27607	295.50	97.39
27623	295.50	97.39
27643	295.50	97.39
27659	295.50	97.39
27674	295.50	97.39
27691	295.50	97.39
27706	295.50	97.39
27721	295.50	97.39
27737	295.50	97.39
27752	295.50	97.39
27768	295.50	97.39
27788	295.50	97.39
27808	257.50	316.07
27829	1.50	316.07
27847	1.50	316.07
27867	1.50	316.07
27885	-7.50	149.76
27905	-7.50	149.76
27924	-7.50	149.76
27944	31.50	177.33
27964	31.50	177.33
27983	31.50	177.33
28004	31.50	177.33
28023	31.50	177.33
28043	31.50	177.33
28062	31.50	177.33
28083	-169.50	246.24
28104	-169.50	246.24
28126	-169.50	246.24
28148	-245.50	185.60
28170	-245.50	185.60
28191	-245.50	185.60
28214	-302.50	90.96
28234	-302.50	90.96
28255	-302.50	90.96
28276	-322.50	-8.27
28297	-322.50	-8.27
28317	-322.50	-8.27
28339	-322.50	-8.27
28359	-322.50	-8.27
28380	-322.50	-8.27
28401	-322.50	-8.27
28422	-260.50	-181.00
28444	-260.50	-181.00
28468	-260.50	-181.00
28490	-185.50	-240.73
28513	-185.50	-240.73
28536	-185.50	-240.73
28559	-98.50	-275.64
28580	-98.50	-275.64
28603	-98.50	-275.64
28624	2.50	-285.75
28644	2.50	-285.75
28665	2.50	-285.75
28684	108.50	-278.40
28705	108.50	-278.40
28727	108.50	-278.40
28749	198.50	-226.94
28771	198.50	-226.94
28792	198.50	-226.94
28815	273.50	-151.60
28836	273.50	-151.60
28858	273.50	-151.60
28880	311.50	-73.50
28901	311.50	-73.50
28921	311.50	-73.50
28943	317.50	34.00
28962	317.50	34.00
28982	317.50	34.00
29002	317.50	34.00
29022	286.50	124.04
29042	286.50	124.04
29063	286.50	124.04
29084	204.50	236.13
29105	204.50	236.13
29125	204.50	236.13
29147	9.50	310.56
29165	9.50	310.56
29184	9.50	310.56
29205	9.50	310.56
29221	9.50	310.56
29240	9.50	310.56
29258	9.50	310.56
29278	10.50	165.38
29297	10.50	165.38
29317	10.50	165.38
29337	10.50	165.38
29357	10.50	165.38
29376	10.50	165.38
29396	10.50	165.38
29416	-171.50	244.40
29437	-171.50	244.40
29459	-171.50	244.40
29481	-249.50	184.68
29503	-249.50	184.68
29524	-249.50	184.68
29547	-302.50	99.23
29568	-302.50	99.23
29588	-302.50	99.23
29609	-322.50	1.84
29629	-322.50	1.84
29648	-322.50	1.84
29669	-322.50	1.84
29688	-309.50	-90.96
29710	-309.50	-90.96
29732	-309.50	-90.96
29754	-264.50	-174.57
29776	-264.50	-174.57
29800	-264.50	-174.57
29822	-199.50	-229.70
29845	-199.50	-229.70
29869	-199.50	-229.70
29891	-109.50	-268.29
29914	-109.50	-268.29
29937	-109.50	-268.29
29960	-109.50	-268.29
29982	-109.50	-268.29
30006	-109.50	-268.29
30028	-109.50	-268.29
30051	-109.50	-268.29
30074	-78.50	-237.05
30096	177.50	-237.05
30117	177.50	-237.05
30140	177.50	-237.05
30161	177.50	-237.05
30183	177.50	-237.05
30205	177.50	-237.05
30227	308.50	-89.12
30247	308.50	-89.12
30269	308.50	-89.12
30289	320.50	10.11
30309	320.50	10.11
30329	320.50	10.11
30349	300.50	121.28
30369	300.50	121.28
30390	300.50	121.28
30411	226.50	217.76
30432	226.50	217.76
30452	226.50	217.76
30474	226.50	217.76
30494	226.50	217.76
30515	226.50	217.76
30536	226.50	217.76
30557	-39.50	188.35
30577	-39.50	188.35
30599	-39.50	188.35
30619	-9.50	152.52
30639	-9.50	152.52
30658	-9.50	152.52
30679	-6.50	241.65
30698	-6.50	241.65
30717	-6.50	241.65
30738	-6.50	241.65
30757	-6.50	241.65
30777	-6.50	241.65
30813	-225.50	205.81
30829	-225.50	205.81
30844	-225.50	205.81
30863	-225.50	205.81
30884	-287.50	128.63
30906	-287.50	128.63
30928	-287.50	128.63
30950	-317.50	33.08
30970	-317.50	33.08
30991	-317.50	33.08
31012	-319.50	-62.48
31034	-319.50	-62.48
31055	-319.50	-62.48
31078	-280.50	-157.12
31100	-280.50	-157.12
31123	-280.50	-157.12
31147	-222.50	-229.70
31169	-222.50	-229.70
31192	-222.50	-229.70
31215	-130.50	-270.13
31238	-130.50	-270.13
31261	-130.50	-270.13
31284	-25.50	-284.83
31305	-25.50	-284.83
31328	-25.50	-284.83
31349	74.50	-279.32
31370	74.50	-279.32
31390	74.50	-279.32
31412	172.50	-244.40
31433	172.50	-244.40
31455	172.50	-244.40
31477	247.50	-189.27
31499	247.50	-189.27
31520	247.50	-189.27
31543	302.50	-106.58
31564	302.50	-106.58
31586	302.50	-106.58
31608	323.50	-11.03
31629	323.50	-11.03
31649	323.50	-11.03
31671	323.50	-11.03
31691	323.50	-11.03
31712	323.50	-11.03
31733	323.50	-11.03
31754	251.50	186.52
31774	251.50	186.52
31796	251.50	186.52
31816	143.50	282.07
31837	143.50	282.07
31858	143.50	282.07
31879	-48.50	307.80
31899	-48.50	307.80
31920	-48.50	307.80
31941	-15.50	140.58
31962	-15.50	140.58
31982	-15.50	140.58
32004	-15.50	140.58
32024	-15.50	140.58
32045	-15.50	140.58
32066	-15.50	140.58
32087	-97.50	253.59
32107	-97.50	253.59
32129	-97.50	253.59
32149	-199.50	228.78
32171	-199.50	228.78
32193	-199.50	228.78
32215	-271.50	150.68
32236	-271.50	150.68
32259	-271.50	150.68
32280	-308.50	65.24
32301	-308.50	65.24
32321	-308.50	65.24
32343	-320.50	-30.32
32364	-320.50	-30.32
32386	-320.50	-30.32
32408	-302.50	-117.61
32431	-302.50	-117.61
32453	-302.50	-117.61
32477	-253.50	-196.62
32499	-253.50	-196.62
32522	-253.50	-196.62
32545	-178.50	-239.81
32568	-178.50	-239.81
32590	-178.50	-239.81
32614	-85.50	-284.83
32635	-85.50	-284.83
32657	-85.50	-284.83
32679	15.50	-294.94
32700	15.50	-294.94
32720	15.50	-294.94
32742	122.50	-273.80
32763	122.50	-273.80
32785	122.50	-273.80
32807	211.50	-218.68
32829	211.50	-218.68
32850	211.50	-218.68
32873	211.50	-218.68
32894	211.50	-218.68
32916	211.50	-218.68
32939	211.50	-218.68
32960	211.50	-218.68
32982	211.50	-218.68
33004	211.50	-218.68
33026	211.50	-218.68
33047	211.50	-218.68
33070	211.50	-218.68
33091	211.50	-218.68
33113	211.50	-218.68
33135	211.50	-218.68
33157	180.50	258.18
33177	180.50	258.18
33199	180.50	258.18
33219	-15.50	348.23
33240	-15.50	348.23
33261	-15.50	348.23
33282	-39.50	144.25
33302	-39.50	144.25
33324	-39.50	144.25
33344	-9.50	157.12
33363	-9.50	157.12
33383	-9.50	157.12
33403	-9.50	157.12
33423	-9.50	157.12
33442	-9.50	157.12
33464	-9.50	157.12
33482	-180.50	229.70
33504	-180.50	229.70
33526	-180.50	229.70
33548	-251.50	181.92
33569	-251.50	181.92
33592	-251.50	181.92
33613	-301.50	92.80
33634	-301.50	92.80
33654	-301.50	92.80
33676	-322.50	-2.76
33696	-322.50	-2.76
33717	-322.50	-2.76
33738	-322.50	-2.76
33759	-322.50	-2.76
33779	-322.50	-2.76
33801	-322.50	-2.76
33821	-261.50	-180.09
33844	-261.50	-180.09
33867	-261.50	-180.09
33890	-191.50	-235.21
33912	-191.50	-235.21
33936	-191.50	-235.21
33958	-191.50	-235.21
33981	-191.50	-235.21
34004	-191.50	-235.21
34027	1.50	-295.85
34046	1.50	-295.85
34067	1.50	-295.85
34086	102.50	-278.40
34108	102.50	-278.40
34130	102.50	-278.40
34152	189.50	-230.62
34173	189.50	-230.62
34196	189.50	-230.62
34217	270.50	-152.52
34239	270.50	-152.52
34262	270.50	-152.52
34283	317.50	-58.80
34304	317.50	-58.80
34325	317.50	-58.80
34345	323.50	45.94
34365	323.50	45.94
34384	323.50	45.94
34405	323.50	45.94
34424	323.50	45.94
34444	323.50	45.94
34464	323.50	45.94
34484	210.50	238.89
34504	210.50	238.89
34526	210.50	238.89
34546	42.50	342.71
34566	42.50	342.71
34585	42.50	342.71
34606	42.50	342.71
34625	42.50	342.71
34644	42.50	342.71
34665	42.50	342.71
34684	-29.50	140.58
34705	-29.50	140.58
34726	-29.50	140.58
34747	-26.50	235.21
34767	-26.50	235.21
34789	-26.50	235.21
34809	-153.50	258.18
34831	-153.50	258.18
34852	-153.50	258.18
34875	-232.50	201.22
34896	-232.50	201.22
34918	-232.50	201.22
34940	-288.50	137.82
34962	-288.50	137.82
34983	-288.50	137.82
35006	-288.50	137.82
35027	-288.50	137.82
35063	-288.50	137.82
35080	-323.50	-34.00
35095	-323.50	-34.00
35115	-323.50	-34.00
35137	-323.50	-34.00
35159	-323.50	-34.00
35180	-323.50	-34.00
35203	-323.50	-34.00
35224	-323.50	-34.00
35246	-323.50	-34.00
35268	-323.50	-34.00
35290	-233.50	-247.16
35312	-233.50	-247.16
35336	-233.50	-247.16
1935,Sta,Switch ON!
1954,Sta,Initialize SD OK!
19991,MagCal,204000,68500,971,2,xMaxs,122,122,122,122,122,122,122,122,122,122,xMins,-528,-528,-528,-528,-528,-530,-530,-530,-530,-530,yMaxs,270,270,270,270,270,267,267,267,267,267,yMins,-404,-404,-404,-404,-404,-404,-404,-404,-404,-404
22388,Sta,Initialize GPS OK!
22409,Sta,Initialization Finish!
27447	236.00	-242.44
27465	236.00	-242.44
27481	236.00	-242.44
27497	236.00	-242.44
27512	239.00	-228.83
27528	239.00	-228.83
27543	239.00	-228.83
27559	239.00	-228.83
27575	275.00	-167.62
27593	275.00	-167.62
27615	275.00	-167.62
27637	275.00	-167.62
27659	275.00	-167.62
27680	275.00	-167.62
27703	275.00	-167.62
27724	329.00	3.40
27743	329.00	3.40
27761	329.00	3.40
27781	313.00	88.91
27801	313.00	88.91
27820	313.00	88.91
27840	313.00	88.91
27859	313.00	88.91
27879	313.00	88.91
27899	313.00	88.91
27919	199.00	251.18
27939	199.00	251.18
27960	199.00	251.18
27981	110.00	293.93
28002	110.00	293.93
28022	110.00	293.93
28044	5.00	314.34
28062	5.00	314.34
28081	5.00	314.34
28100	5.00	314.34
28119	-99.00	306.57
28139	-99.00	306.57
28160	-99.00	306.57
28181	-195.00	248.27
28203	-195.00	248.27
28224	-195.00	248.27
28247	-270.00	179.28
28268	-270.00	179.28
28290	-270.00	179.28
28312	-310.00	89.88
28333	-310.00	89.88
28353	-310.00	89.88
28375	-322.00	-20.89
28396	-322.00	-20.89
28418	-322.00	-20.89
28440	-322.00	-20.89
28462	-322.00	-20.89
28483	-322.00	-20.89
28506	-322.00	-20.89
28527	-239.00	-198.71
28550	-239.00	-198.71
28573	-239.00	-198.71
28596	-239.00	-198.71
28618	-239.00	-198.71
28642	-45.00	-291.99
28663	-45.00	-291.99
28685	-45.00	-291.99
28707	-45.00	-291.99
28729	-45.00	-291.99
28750	-45.00	-291.99
28773	-45.00	-291.99
28794	-45.00	-291.99
28816	-45.00	-291.99
28838	-45.00	-291.99
28860	-45.00	-291.99
28881	-45.00	-291.99
28904	-45.00	-291.99
28925	-45.00	-291.99
28947	-45.00	-291.99
28969	-45.00	-291.99
28991	325.00	-7.29
29010	325.00	-7.29
29031	325.00	-7.29
29050	312.00	93.77
29070	312.00	93.77
29089	312.00	93.77
29110	271.00	178.30
29130	271.00	178.30
29151	271.00	178.30
29172	271.00	178.30
29193	200.00	250.21
29213	200.00	250.21
29235	200.00	250.21
29255	113.00	300.74
29276	113.00	300.74
29297	113.00	300.74
29318	8.00	321.14
29336	8.00	321.14
29355	8.00	321.14
29374	8.00	321.14
29394	8.00	321.14
29411	8.00	321.14
29430	8.00	321.14
29449	-193.00	263.81
29470	-193.00	263.81
29492	-193.00	263.81
29514	-269.00	185.11
29536	-269.00	185.11
29557	-269.00	185.11
29580	-315.00	91.82
29600	-315.00	91.82
29621	-315.00	91.82
29642	-324.00	-17.00
29664	-324.00	-17.00
29685	-324.00	-17.00
29708	-554.00	-122.92
29730	-298.00	-122.92
29753	-298.00	-122.92
29776	-239.00	-191.91
29799	-239.00	-191.91
29821	-239.00	-191.91
29845	-156.00	-256.04
29868	-156.00	-256.04
29890	-156.00	-256.04
29914	-52.00	-293.93
29935	-52.00	-293.93
29957	-52.00	-293.93
29979	45.00	-283.25
30000	45.00	-283.25
30020	45.00	-283.25
30042	154.00	-252.15
30063	154.00	-252.15
30085	154.00	-252.15
30107	154.00	-252.15
30129	154.00	-252.15
30150	154.00	-252.15
30173	154.00	-252.15
30194	154.00	-252.15
30216	154.00	-252.15
30238	154.00	-252.15
30260	154.00	-252.15
30281	154.00	-252.15
30304	154.00	-252.15
30325	154.00	-252.15
30347	154.00	-252.15
30369	154.00	-252.15
30391	283.00	174.42
30411	283.00	174.42
30433	283.00	174.42
30453	218.00	241.46
30474	218.00	241.46
30495	218.00	241.46
30516	130.00	297.82
30536	130.00	297.82
30557	130.00	297.82
30578	23.00	317.25
30598	23.00	317.25
30617	23.00	317.25
30638	23.00	317.25
30657	23.00	317.25
30676	23.00	317.25
30697	23.00	317.25
30716	-190.00	263.81
30738	-190.00	263.81
30760	-190.00	263.81
30782	-261.00	188.99
30803	-261.00	188.99
30825	-261.00	188.99
30848	-310.00	102.51
30869	-310.00	102.51
30891	-310.00	102.51
30913	-327.00	-4.37
30934	-327.00	-4.37
30954	-327.00	-4.37
30976	-298.00	-97.65
31011	-298.00	-97.65
31027	-298.00	-97.65
31043	-245.00	-192.88
31064	-245.00	-192.88
31086	-245.00	-192.88
31110	-159.00	-257.98
31132	-159.00	-257.98
31155	-159.00	-257.98
31178	-55.00	-292.96
31200	-55.00	-292.96
31221	-55.00	-292.96
31244	48.00	-291.99
31264	48.00	-291.99
31285	48.00	-291.99
31306	48.00	-291.99
31327	48.00	-291.99
31347	48.00	-291.99
31369	48.00	-291.99
31389	238.00	-202.60
31411	238.00	-202.60
31433	238.00	-202.60
31455	297.00	-120.00
31476	297.00	-120.00
31499	297.00	-120.00
31520	320.00	-17.98
31541	320.00	-17.98
31562	320.00	-17.98
31583	317.00	72.39
31602	317.00	72.39
31622	317.00	72.39
31642	284.00	166.64
31663	284.00	166.64
31683	284.00	166.64
31705	284.00	166.64
31725	284.00	166.64
31746	284.00	166.64
31767	284.00	166.64
31788	131.00	297.82
31808	131.00	297.82
31830	131.00	297.82
31850	27.00	318.23
31869	27.00	318.23
31889	27.00	318.23
31909	-87.00	315.31
31930	-87.00	315.31
31950	-87.00	315.31
31972	-87.00	315.31
31992	-87.00	315.31
32013	-87.00	315.31
32034	-87.00	315.31
32055	-261.00	195.79
32076	-261.00	195.79
32099	-261.00	195.79
32120	-311.00	102.51
32142	-311.00	102.51
32164	-311.00	102.51
32186	-322.00	7.29
32205	-322.00	7.29
32226	-322.00	7.29
32245	-306.00	-89.88
32267	-306.00	-89.88
32288	-306.00	-89.88
32311	-255.00	-176.36
32333	-255.00	-176.36
32356	-255.00	-176.36
32379	-174.00	-240.49
32402	-174.00	-240.49
32425	-174.00	-240.49
32448	-72.00	-285.19
32470	-72.00	-285.19
32492	-72.00	-285.19
32514	34.00	-282.27
32534	34.00	-282.27
32555	34.00	-282.27
32576	143.00	-263.81
32598	143.00	-263.81
32619	143.00	-263.81
32642	237.00	-204.54
32663	237.00	-204.54
32685	237.00	-204.54
32707	237.00	-204.54
32729	237.00	-204.54
32750	237.00	-204.54
32773	237.00	-204.54
32794	237.00	-204.54
32816	237.00	-204.54
32838	237.00	-204.54
32860	237.00	-204.54
32881	237.00	-204.54
32904	237.00	-204.54
32925	237.00	-204.54
32947	237.00	-204.54
32969	237.00	-204.54
32991	232.00	224.94
33011	232.00	224.94
33033	232.00	224.94
33053	156.00	288.10
33074	156.00	288.10
33095	156.00	288.10
33116	70.00	308.51
33136	70.00	308.51
33155	70.00	308.51
33175	-24.00	320.17
33196	-24.00	320.17
33216	-24.00	320.17
33238	-24.00	320.17
33258	-24.00	320.17
285581,Sta,Switch ON!
285601,Sta,Initialize SD OK!
303639,MagCal,189500,84500,1008,1,xMaxs,164,164,164,164,164,164,164,164,164,164,xMins,-543,-543,-543,-543,-543,-543,-543,-543,-543,-543,yMaxs,274,274,274,274,274,266,266,266,266,266,yMins,-434,-434,-434,-434,-434,-435,-435,-435,-435,-435
306421,Sta,Initialize GPS OK!
306442,Sta,Initialization Finish!
10530,Sta,Switch ON!
10569,Sta,Initialize SD OK!
28608,MagCal,194000,92500,1030,9,xMaxs,164,164,164,164,164,164,164,164,164,164,xMins,-550,-550,-550,-550,-550,-552,-552,-552,-552,-552,yMaxs,259,259,259,259,259,255,255,255,255,255,yMins,-431,-431,-431,-431,-431,-440,-440,-440,-440,-440
46708,MagCal,176500,85000,1001,7,xMaxs,182,182,182,182,182,180,180,180,180,180,xMins,-532,-532,-532,-532,-532,-533,-533,-533,-533,-533,yMaxs,272,272,272,272,272,271,271,271,271,271,yMins,-434,-434,-434,-434,-434,-441,-441,-441,-441,-441
64814,MagCal,174000,84000,980,1,xMaxs,186,186,186,186,186,183,183,183,183,183,xMins,-530,-530,-530,-530,-530,-531,-531,-531,-531,-531,yMaxs,282,282,282,282,282,280,280,280,280,280,yMins,-447,-447,-447,-447,-447,-448,-448,-448,-448,-448
67650,Sta,Initialize GPS OK!
67671,Sta,Initialization Finish!
12438,Sta,Switch ON!
12459,Sta,Initialize SD OK!
30515,MagCal,227500,70000,1021,7,xMaxs,135,135,135,135,135,132,132,132,132,132,xMins,-581,-581,-581,-581,-581,-587,-587,-587,-587,-587,yMaxs,287,287,287,287,287,282,282,282,282,282,yMins,-415,-415,-415,-415,-415,-422,-422,-422,-422,-422
48620,MagCal,211500,77500,1080,4,xMaxs,137,137,137,137,137,137,137,137,137,137,xMins,-560,-560,-560,-560,-560,-560,-560,-560,-560,-738,yMaxs,247,247,247,247,247,245,245,245,245,245,yMins,-396,-396,-396,-396,-396,-400,-400,-400,-400,-400
66721,MagCal,190500,87000,1017,1,xMaxs,141,141,141,141,141,136,136,136,136,136,xMins,-516,-516,-516,-516,-516,-517,-517,-517,-517,-517,yMaxs,239,239,239,239,239,234,234,234,234,234,yMins,-408,-408,-408,-408,-408,-408,-408,-408,-408,-408
69161,Sta,Initialize GPS OK!
69182,Sta,Initialization Finish!
51050,Sta,Switch ON!
51069,Sta,Initialize SD OK!
69103,MagCal,198500,69000,1001,3,xMaxs,151,151,151,151,151,151,151,151,151,151,xMins,-545,-545,-545,-545,-545,-548,-548,-548,-548,-548,yMaxs,281,281,281,281,281,280,280,280,280,280,yMins,-417,-417,-417,-417,-417,-418,-418,-418,-418,-418
87208,MagCal,195500,77500,1002,6,xMaxs,154,154,154,154,154,154,154,154,154,154,xMins,-544,-544,-544,-544,-544,-545,-545,-545,-545,-545,yMaxs,271,271,271,271,271,271,271,271,271,271,yMins,-420,-420,-420,-420,-420,-426,-426,-426,-426,-426
105320,MagCal,193000,89500,1001,4,xMaxs,153,153,153,153,153,152,152,152,152,152,xMins,-537,-537,-537,-537,-537,-538,-538,-538,-538,-538,yMaxs,256,256,256,256,256,255,255,255,255,255,yMins,-430,-430,-430,-430,-430,-434,-434,-434,-434,-434
123425,MagCal,184500,91500,1029,4,xMaxs,167,167,167,167,167,163,163,163,163,163,xMins,-528,-528,-528,-528,-528,-532,-532,-532,-532,-532,yMaxs,248,248,248,248,248,246,246,246,246,246,yMins,-429,-429,-429,-429,-429,-429,-429,-429,-429,-429
141538,MagCal,170000,86500,1004,5,xMaxs,245,177,177,177,177,177,177,177,177,177,xMins,-512,-512,-512,-512,-512,-517,-517,-517,-517,-517,yMaxs,261,261,261,261,261,259,259,259,259,259,yMins,-431,-431,-431,-431,-431,-432,-432,-432,-432,-432
159641,MagCal,167000,82500,981,2,xMaxs,206,182,182,182,182,182,180,180,180,180,xMins,-516,-516,-516,-516,-516,-516,-516,-516,-516,-516,yMaxs,273,273,273,273,273,273,273,273,273,273,yMins,-438,-438,-438,-438,-438,-438,-438,-438,-438,-438
162374,Sta,Initialize GPS OK!
162395,Sta,Initialization Finish!
35464,Sta,Switch ON!
35509,Sta,Initialize SD OK!
53550,MagCal,180000,88000,1015,1,xMaxs,140,140,140,140,140,138,138,138,138,138,xMins,-497,-497,-497,-497,-497,-498,-498,-498,-498,-498,yMaxs,226,226,226,226,226,225,225,225,225,225,yMins,-401,-401,-401,-401,-401,-401,-401,-401,-401,-457
56096,Sta,Initialize GPS OK!
56129,Sta,Initialization Finish!
1527,Sta,Switch ON!
1548,Sta,Initialize SD OK!
33037,Sta,Switch ON!
33062,Sta,Initialize SD OK!
51098,MagCal,213000,80000,943,9,xMaxs,139,139,139,139,139,139,139,139,139,139,xMins,-565,-565,-565,-565,-565,-565,-565,-565,-568,-568,yMaxs,296,296,296,296,296,293,293,293,293,293,yMins,-444,-444,-444,-444,-444,-453,-453,-453,-453,-453
69204,MagCal,225500,74000,989,1,xMaxs,115,115,115,115,115,115,115,115,115,115,xMins,-565,-565,-565,-565,-565,-566,-566,-566,-566,-566,yMaxs,274,274,274,274,274,270,270,270,270,270,yMins,-418,-418,-418,-418,-418,-418,-418,-418,-418,-418
71418,Sta,Initialize GPS OK!
71443,Sta,Initialization Finish!
83562,Sta,Switch ON!
83581,Sta,Initialize SD OK!
101617,MagCal,250000,73500,1137,0,xMaxs,94,94,94,94,94,94,94,94,94,94,xMins,-594,-594,-594,-594,-594,-594,-594,-594,-594,-594,yMaxs,231,231,231,231,231,229,229,229,229,229,yMins,-376,-376,-376,-376,-376,-376,-376,-376,-376,-376
103959,Sta,Initialize GPS OK!
103980,Sta,Initialization Finish!
