24602,272,-195
24617,272,-196
24633,272,-196
24648,272,-196
24664,272,-196
24679,272,-196
24695,272,-196
24711,272,-196
24726,272,-196
24748,272,-196
24770,272,-196
24792,272,-196
24813,272,-196
24836,272,-196
24857,272,-196
24879,272,-196
24901,272,-197
24923,272,-197
24944,272,-197
24982,275,-196
24997,275,-196
25014,275,-196
25032,275,-196
25054,275,-196
25075,275,-196
25098,278,-195
25119,278,-195
25141,278,-195
25163,271,-196
25185,271,-196
25206,271,-196
25229,276,-194
25250,276,-194
25272,276,-194
25294,270,-196
25316,270,-196
25337,270,-196
25360,273,-197
25381,273,-197
25403,273,-197
25425,272,-196
25447,272,-196
25468,272,-196
25491,273,-194
25512,273,-194
25534,273,-194
25555,273,-195
25578,273,-195
25600,273,-195
25621,271,-196
25644,271,-196
25665,271,-196
25687,274,-199
25709,274,-199
25731,274,-199
25752,274,-199
25775,274,-199
25796,274,-199
25818,274,-199
25840,274,-199
25862,274,-199
25883,274,-199
25906,274,-199
25927,274,-199
25949,274,-199
25971,274,-199
25993,274,-199
26014,274,-199
26037,283,-164
26058,283,-164
26080,283,-164
26102,286,-147
26124,286,-147
26145,286,-147
26168,290,-125
26189,290,-125
26211,290,-125
26233,293,-104
26255,293,-104
26276,293,-104
26299,296,-76
26319,296,-76
26340,296,-76
26361,291,-53
26382,291,-53
26402,291,-53
26424,290,-26
26444,290,-26
26465,290,-26
26485,290,-26
26507,290,-26
26527,290,-26
26548,290,-26
26570,279,17
26589,279,17
26608,279,17
26629,272,38
26648,272,38
26668,272,38
26688,272,38
26707,272,38
26727,272,38
26746,272,38
26767,255,72
26786,255,72
26806,255,72
26826,249,86
26846,249,86
26865,249,86
26885,249,86
26905,249,86
26925,249,86
26944,249,86
26964,234,108
26985,234,108
27005,234,108
27027,227,116
27047,227,116
27068,227,116
27089,221,117
27111,221,117
27130,221,117
27151,221,117
27172,221,117
27193,221,117
27213,221,117
27235,214,133
27255,214,133
27276,214,133
27297,209,135
27318,209,135
27338,209,135
27360,207,140
27380,207,140
27401,207,140
27422,207,140
27443,207,140
27463,207,140
27484,207,140
27505,206,143
27526,206,143
27546,206,143
27568,207,146
27588,207,146
27609,207,146
27631,203,142
27651,203,142
27671,203,142
27693,198,148
27713,198,148
27734,198,148
27755,198,148
27776,197,149
27796,197,149
27816,197,149
27838,195,152
27858,195,152
27879,195,152
27900,190,157
27921,190,157
27941,190,157
27963,187,161
27983,187,161
28004,187,161
28025,181,164
28046,181,164
28066,181,164
28088,181,164
28108,181,164
28129,181,164
28149,181,164
28172,169,174
28191,169,174
28212,169,174
28233,161,183
28254,161,183
28274,161,183
28296,155,181
28316,155,181
28337,155,181
28358,155,181
28379,155,181
28399,155,181
28421,155,181
28441,135,195
28462,135,195
28482,135,195
28504,127,202
28524,127,202
28545,127,202
28566,116,206
28587,116,206
28607,116,206
28628,100,213
28649,100,213
28669,100,213
28710,91,213
28727,91,213
28742,91,213
28758,91,213
28773,74,221
28789,74,221
28809,74,221
28829,60,226
28849,60,226
28868,60,226
28889,60,226
28908,60,226
28928,60,226
28947,60,226
28967,33,231
28987,33,231
29006,33,231
29027,13,234
29046,13,234
29066,13,234
29086,13,234
29106,4,234
29124,4,234
29143,4,234
29162,-17,234
29182,-17,234
29203,-17,234
29227,-31,235
29245,-31,235
29265,-31,235
29287,-31,235
29307,-45,232
29328,-45,232
29348,-45,232
29370,-61,231
29390,-61,231
29411,-61,231
29432,-75,228
29453,-75,228
29473,-75,228
29495,-86,228
29515,-86,228
29536,-86,228
29557,-86,228
29578,-86,228
29598,-86,228
29620,-86,228
29640,-114,218
29662,-114,218
29684,-114,218
29706,-129,213
29727,-129,213
29749,-129,213
29771,-142,206
29793,-142,206
29814,-142,206
29837,-157,197
29858,-157,197
29880,-157,197
29902,-170,190
29924,-170,190
29945,-170,190
29968,-185,186
29989,-185,186
30011,-185,186
30033,-194,177
30055,-194,177
30076,-194,177
30099,-205,165
30120,-205,165
30142,-205,165
30164,-214,158
30186,-214,158
30208,-214,158
30230,-225,148
30252,-225,148
30273,-225,148
30296,-235,143
30317,-235,143
30339,-235,143
30361,-235,143
30383,-235,143
30404,-235,143
30427,-235,143
30448,-235,143
30470,-235,143
30492,-235,143
30514,-235,143
30535,-235,143
30558,-235,143
30579,-268,95
30600,-268,95
30621,-268,95
30642,-277,84
30662,-277,84
30684,-277,84
30704,-282,73
30725,-282,73
30745,-282,73
30767,-289,61
30787,-289,61
30808,-289,61
30830,-294,50
30850,-294,50
30870,-294,50
30892,-294,50
30912,-299,36
30932,-299,36
30954,-299,36
30974,-305,25
30995,-305,25
31016,-305,25
31037,-307,16
31057,-307,16
31078,-307,16
31099,-311,4
31119,-311,4
31138,-311,4
31159,-311,4
31178,-314,-7
31199,-314,-7
31220,-314,-7
31241,-314,-20
31262,-314,-20
31285,-314,-20
31306,-319,-28
31328,-319,-28
31350,-319,-28
31372,-317,-39
31393,-317,-39
31416,-317,-39
31437,-322,-51
31459,-322,-51
31481,-322,-51
31503,-320,-62
31524,-320,-62
31547,-320,-62
31568,-322,-70
31590,-322,-70
31611,-322,-70
31634,-323,-77
31655,-323,-77
31677,-323,-77
31699,-321,-89
31721,-321,-89
31742,-321,-89
31765,-321,-89
31787,-321,-89
31808,-321,-89
31831,-321,-89
31852,-323,-106
31875,-323,-106
31898,-323,-106
31921,-323,-106
31943,-323,-106
31967,-317,-121
31989,-317,-121
32013,-317,-121
32035,-319,-130
32058,-319,-130
32081,-319,-130
32104,-316,-136
32126,-316,-136
32150,-316,-136
32173,-317,-144
32195,-317,-144
32219,-317,-144
32241,-315,-149
32264,-315,-149
32287,-315,-149
32310,-313,-158
32332,-313,-158
32356,-313,-158
32378,-311,-162
32401,-311,-162
32424,-311,-162
32447,-312,-168
32470,-312,-168
32493,-312,-168
32516,-310,-173
32538,-310,-173
32562,-310,-173
32584,-306,-178
32607,-306,-178
32630,-306,-178
32653,-306,-178
32675,-306,-178
32699,-306,-178
32721,-306,-192
32744,-306,-192
32768,-306,-192
32790,-306,-192
32814,-306,-192
32836,-297,-207
32859,-297,-207
32882,-297,-207
32905,-297,-213
32927,-297,-213
32968,-292,-221
32985,-292,-221
33000,-292,-221
33019,-292,-221
33042,-290,-227
33064,-290,-227
33088,-290,-227
33111,-288,-235
33133,-288,-235
33157,-288,-235
33179,-279,-243
33202,-279,-243
33225,-279,-243
33248,-276,-250
33270,-276,-250
33294,-276,-250
33316,-268,-262
33339,-268,-262
33362,-268,-262
33385,-262,-268
33408,-262,-268
33431,-262,-268
33454,-258,-278
33476,-258,-278
33501,-258,-278
33522,-258,-278
33546,-258,-278
33568,-258,-278
33591,-258,-278
33614,-258,-278
33637,-237,-306
33659,-237,-306
33683,-237,-306
33705,-227,-312
33728,-227,-312
33752,-227,-312
33774,-219,-318
33797,-219,-318
33820,-219,-318
33843,-214,-323
33865,-214,-323
33889,-214,-323
33911,-206,-327
33934,-206,-327
33957,-206,-327
33980,-199,-336
34002,-199,-336
34026,-199,-336
34049,-193,-336
34071,-193,-336
34095,-193,-336
34117,-189,-345
34140,-189,-345
34163,-189,-345
34186,-180,-346
34208,-180,-346
34232,-180,-346
34254,-177,-350
34278,-177,-350
34300,-177,-350
34323,-177,-350
34347,-177,-350
34369,-177,-350
34392,-162,-359
34415,-162,-359
34438,-162,-359
34460,-162,-359
34484,-162,-359
34506,-149,-366
34529,-149,-366
34552,-149,-366
34575,-141,-374
34597,-141,-374
34621,-141,-374
34643,-134,-374
34666,-134,-374
34690,-134,-374
34712,-126,-379
34735,-126,-379
34758,-126,-379
34781,-117,-379
34803,-117,-379
34827,-117,-379
34849,-105,-382
34872,-105,-382
34895,-105,-382
34918,-99,-389
34939,-99,-389
34962,-99,-389
34983,-85,-389
35005,-85,-389
35027,-85,-389
35049,-71,-393
35070,-71,-393
35093,-71,-393
35115,-57,-400
35136,-57,-400
35159,-57,-400
35180,-40,-397
35202,-40,-397
35224,-40,-397
35246,-25,-398
35267,-25,-398
35290,-25,-398
35311,-9,-400
35332,-9,-400
35353,-9,-400
35374,6,-401
35393,6,-401
35414,6,-401
35433,6,-401
35452,22,-394
35473,22,-394
35494,22,-394
35515,31,-396
35535,31,-396
35557,31,-396
35577,43,-390
35598,43,-390
35620,43,-390
35640,43,-390
35660,43,-390
35682,43,-390
35702,43,-390
35723,69,-387
35744,69,-387
35765,69,-387
35785,77,-384
35807,77,-384
35827,77,-384
35848,86,-377
35868,86,-377
35890,86,-377
35910,102,-377
35932,102,-377
35954,102,-377
35976,114,-372
35997,114,-372
36020,114,-372
36041,127,-366
36063,127,-366
36085,127,-366
36107,127,-366
36128,127,-366
36151,127,-366
36172,127,-366
36194,127,-366
36216,127,-366
36238,127,-366
36259,127,-366
36282,127,-366
36303,127,-366
36325,174,-330
36347,174,-330
36369,174,-330
36390,186,-325
36413,186,-325
36434,186,-325
36456,194,-315
36478,194,-315
36500,194,-315
36521,202,-311
36544,202,-311
36566,202,-311
36587,210,-299
36610,210,-299
36631,210,-299
36653,217,-291
36675,217,-291
36697,217,-291
36718,221,-286
36741,221,-286
36762,221,-286
36784,229,-278
36806,229,-278
36828,229,-278
36849,235,-272
36871,235,-272
36893,235,-272
36915,242,-260
36936,242,-260
36959,242,-260
36980,248,-252
37002,248,-252
37024,248,-252
37046,255,-237
37067,255,-237
37090,255,-237
37111,259,-225
37133,259,-225
37155,259,-225
37177,267,-210
37198,267,-210
37238,267,-210
37254,274,-199
37270,274,-199
37286,274,-199
37308,274,-199
37329,274,-199
37352,274,-199
37373,274,-199
37395,274,-199
37417,274,-199
37439,274,-199
37460,285,-164
37483,285,-164
37505,285,-164
37526,288,-150
37549,288,-150
37570,288,-150
37592,294,-134
37614,294,-134
37636,294,-134
37657,294,-119
37680,294,-119
37701,294,-119
37723,292,-108
37745,292,-108
37767,292,-108
37788,296,-95
37810,296,-95
37830,296,-95
37851,296,-82
37872,296,-82
37893,296,-82
37913,298,-64
37934,298,-64
37955,298,-64
37976,298,-64
37996,298,-64
38018,298,-64
38038,298,-64
38059,294,-33
38080,294,-33
38100,294,-33
38121,288,-15
38142,288,-15
38163,288,-15
38183,286,-1
38204,286,-1
38223,286,-1
38243,286,-1
38262,286,-1
38283,286,-1
38302,286,-1
38322,277,27
38342,277,27
38362,277,27
38381,273,40
38401,273,40
38421,273,40
38440,273,40
38460,268,49
38480,268,49
38500,268,49
38519,262,61
38540,262,61
38559,262,61
38579,262,61
38598,262,61
38619,262,61
38638,262,61
38658,257,76
38678,257,76
38697,257,76
38717,252,83
38737,252,83
38757,252,83
38776,252,83
38796,252,83
38816,252,83
38836,252,83
38855,240,98
38876,240,98
38895,240,98
38915,236,103
38936,236,103
38957,236,103
38977,236,103
38998,236,103
39019,236,103
39040,236,103
39060,226,122
39081,226,122
39102,226,122
39122,219,135
39144,219,135
39164,219,135
39185,208,139
39206,208,139
39227,208,139
39247,208,139
39268,208,139
39289,208,139
39310,208,139
39330,208,139
39352,208,139
39372,208,139
39393,176,171
39414,176,171
39435,176,171
39455,163,177
39477,163,177
39497,163,177
39518,150,190
39539,150,190
39560,150,190
39580,150,190
39602,150,190
39622,150,190
39643,150,190
39663,118,206
39685,118,206
39705,118,206
39726,100,215
39747,100,215
39768,100,215
39788,81,219
39809,81,219
39828,81,219
39847,81,219
39868,81,219
39887,81,219
39907,81,219
39926,36,230
39947,36,230
39966,36,230
39986,14,231
40006,14,231
40026,14,231
40045,14,231
40065,14,231
40085,14,231
40104,14,231
40124,-24,236
40145,-24,236
40166,-24,236
40186,-43,234
40208,-43,234
40228,-43,234
40249,-43,234
40270,-43,234
40291,-43,234
40311,-43,234
40332,-67,230
40353,-67,230
40374,-67,230
40394,-75,228
40416,-75,228
40436,-75,228
40457,-87,226
40478,-87,226
40499,-87,226
40519,-89,226
40541,-89,226
40561,-89,226
40582,-89,226
40603,-99,223
40624,-99,223
40644,-99,223
40665,-102,221
40687,-102,221
40709,-102,221
40730,-107,222
40753,-107,222
40774,-107,222
40796,-111,216
40818,-111,216
40840,-111,216
40861,-117,217
40884,-117,217
40905,-117,217
40927,-124,215
40949,-124,215
40971,-124,215
40992,-131,212
41015,-131,212
41036,-131,212
41058,-140,207
41080,-140,207
41102,-140,207
41123,-149,199
41146,-149,199
41167,-149,199
41189,-159,195
41211,-159,195
41233,-159,195
41254,-170,192
41277,-170,192
41298,-170,192
41320,-182,184
41342,-182,184
41364,-182,184
41385,-191,177
41408,-191,177
41430,-191,177
41451,-191,177
41484,-191,177
41499,-191,177
41517,-191,177
41539,-191,177
41561,-191,177
41582,-191,177
41605,-191,177
41626,-191,177
41648,-191,177
41670,-228,145
41692,-228,145
41713,-228,145
41736,-236,138
41757,-236,138
41779,-236,138
41801,-245,124
41823,-245,124
41844,-245,124
41867,-251,117
41888,-251,117
41910,-251,117
41932,-257,111
41954,-257,111
41975,-257,111
41998,-263,103
42019,-263,103
42041,-263,103
42063,-267,97
42084,-267,97
42104,-267,97
42125,-274,88
42146,-274,88
42167,-274,88
42187,-280,77
42209,-280,77
42229,-280,77
42250,-280,77
42271,-280,77
42292,-280,77
42312,-280,77
42334,-286,65
42354,-286,65
42375,-286,65
42396,-290,56
42417,-290,56
42437,-290,56
42458,-293,43
42479,-293,43
42500,-293,43
42520,-293,43
42542,-293,43
42562,-293,43
42583,-293,43
42604,-303,24
42625,-303,24
42645,-303,24
42667,-307,8
42686,-307,8
42705,-307,8
42725,-309,0
42745,-309,0
42765,-309,0
42784,-309,0
42805,-309,0
42824,-309,0
42844,-309,0
42864,-315,-23
42886,-315,-23
42907,-315,-23
42930,-315,-32
42951,-315,-32
42973,-315,-32
42995,-319,-46
43017,-319,-46
43038,-319,-46
43060,-322,-54
43082,-322,-54
43104,-322,-54
43125,-321,-65
43148,-321,-65
43169,-321,-65
43191,-322,-79
43213,-322,-79
43235,-322,-79
43256,-320,-92
43279,-320,-92
43300,-320,-92
43322,-320,-92
43344,-320,-92
43366,-320,-92
43387,-320,-92
43410,-322,-112
43432,-322,-112
43455,-322,-112
43479,-322,-112
43501,-322,-112
43524,-320,-126
43547,-320,-126
43570,-320,-126
43592,-318,-134
43616,-318,-134
43638,-318,-134
43662,-314,-144
43684,-314,-144
43707,-314,-144
43730,-317,-149
43753,-317,-149
43776,-317,-149
43799,-315,-155
43822,-315,-155
43844,-315,-155
43868,-316,-159
43890,-316,-159
43913,-316,-159
43936,-312,-164
43959,-312,-164
43981,-312,-164
44005,-311,-168
44027,-311,-168
44050,-311,-168
44073,-308,-175
44096,-308,-175
44119,-308,-175
44142,-303,-183
44165,-303,-183
44187,-303,-183
44211,-303,-183
44233,-303,-183
44256,-303,-183
44279,-300,-198
44302,-300,-198
44324,-300,-198
44348,-300,-198
44370,-300,-198
44394,-295,-211
44417,-295,-211
44439,-295,-211
44463,-290,-223
44485,-290,-223
44508,-290,-223
44531,-288,-230
44554,-288,-230
44576,-288,-230
44600,-281,-237
44622,-281,-237
44645,-281,-237
44668,-277,-247
44691,-277,-247
44713,-277,-247
44737,-274,-254
44760,-274,-254
44782,-274,-254
44806,-267,-267
44828,-267,-267
44851,-267,-267
44874,-257,-273
44897,-257,-273
44919,-257,-273
44943,-249,-288
44965,-249,-288
44988,-249,-288
45011,-244,-293
45034,-244,-293
45057,-244,-293
45080,-244,-293
45103,-244,-293
45126,-244,-293
45149,-244,-293
45171,-244,-293
45195,-215,-318
45217,-215,-318
45240,-215,-318
45263,-208,-328
45286,-208,-328
45308,-208,-328
45332,-201,-336
45355,-201,-336
45377,-201,-336
45401,-192,-339
45423,-192,-339
45446,-192,-339
45469,-186,-343
45492,-186,-343
45514,-186,-343
45538,-179,-347
45560,-179,-347
45583,-179,-347
45606,-173,-353
45629,-173,-353
45651,-173,-353
45675,-165,-357
45698,-165,-357
45720,-165,-357
45753,-159,-362
45768,-159,-362
45789,-159,-362
45812,-150,-363
45835,-150,-363
45858,-150,-363
45881,-150,-363
45903,-150,-363
45927,-150,-363
45949,-150,-363
45972,-150,-363
45996,-150,-363
46018,-150,-363
46041,-150,-363
46064,-120,-378
46087,-120,-378
46109,-120,-378
46133,-110,-381
46155,-110,-381
46178,-110,-381
46201,-104,-383
46224,-104,-383
46246,-104,-383
46270,-98,-387
46291,-98,-387
46313,-98,-387
46336,-93,-386
46357,-93,-386
46379,-93,-386
46401,-88,-391
46423,-88,-391
46444,-88,-391
46467,-82,-393
46488,-82,-393
46510,-82,-393
46532,-75,-393
46554,-75,-393
46575,-75,-393
46598,-65,-396
46619,-65,-396
46641,-65,-396
46663,-65,-396
46685,-65,-396
46706,-65,-396
46729,-65,-396
46750,-44,-398
46772,-44,-398
46794,-44,-398
46816,-44,-398
46837,-44,-398
46860,-44,-398
46881,-17,-398
46903,-17,-398
46925,-17,-398
46947,-5,-397
46967,-5,-397
46989,-5,-397
47009,3,-398
47029,3,-398
47048,3,-398
47069,13,-395
47089,13,-395
47110,13,-395
47131,13,-395
47152,13,-395
47172,13,-395
47194,13,-395
47214,28,-396
47235,28,-396
47256,28,-396
47277,38,-396
47297,38,-396
47318,38,-396
47339,47,-392
47360,47,-392
47380,47,-392
47401,53,-390
47422,53,-390
47442,53,-390
47464,53,-390
47484,53,-390
47505,53,-390
47526,53,-390
47547,74,-386
47567,74,-386
47589,74,-386
47609,84,-382
47630,84,-382
47650,84,-382
47672,95,-379
47692,95,-379
47713,95,-379
47734,106,-375
47756,106,-375
47777,106,-375
47800,106,-375
47821,106,-375
47843,106,-375
47865,106,-375
47887,106,-375
47908,106,-375
47931,106,-375
47952,106,-375
47974,106,-375
47996,106,-375
48018,106,-375
48039,106,-375
48062,106,-375
48083,161,-346
48105,161,-346
48128,161,-346
48149,169,-339
48171,169,-339
48193,169,-339
48215,178,-328
48236,178,-328
48259,178,-328
48280,187,-321
48302,187,-321
48324,187,-321
48346,200,-311
48367,200,-311
48390,200,-311
48411,208,-305
48433,208,-305
48455,208,-305
48477,214,-291
48498,214,-291
48521,214,-291
48542,227,-282
48564,227,-282
48585,227,-282
48608,238,-271
48629,238,-271
48651,238,-271
48673,243,-260
48695,243,-260
48716,243,-260
48739,251,-248
48760,251,-248
48782,251,-248
48804,259,-234
48826,259,-234
48847,259,-234
48870,260,-224
48891,260,-224
48913,260,-224
48935,260,-224
48957,260,-224
48978,260,-224
49001,260,-224
49022,260,-224
49044,260,-224
49067,260,-224
49088,260,-224
49110,260,-224
49132,260,-224
49154,260,-224
49175,260,-224
49198,260,-224
49219,287,-159
49241,287,-159
49263,287,-159
49285,289,-145
49306,289,-145
49329,289,-145
49350,290,-134
49372,290,-134
49394,290,-134
49416,296,-118
49437,296,-118
49460,296,-118
49481,295,-100
49503,295,-100
49525,295,-100
49547,297,-83
49567,297,-83
49589,297,-83
49609,298,-67
49630,298,-67
49650,298,-67
49672,296,-51
49692,296,-51
49713,296,-51
49734,296,-51
49755,296,-51
49775,296,-51
49797,296,-51
49817,291,-16
49838,291,-16
49859,291,-16
49880,284,-1
49899,284,-1
49920,284,-1
49939,281,14
49958,281,14
49978,281,14
50011,277,26
50026,277,26
50041,277,26
50058,277,26
50077,274,44
50097,274,44
50116,274,44
50137,274,44
50156,274,44
50176,274,44
50196,274,44
50215,263,68
50235,263,68
50255,263,68
50275,253,78
50294,253,78
50314,253,78
50334,253,78
50354,253,78
50373,253,78
50394,253,78
50413,245,97
50433,245,97
50453,245,97
50472,235,106
50493,235,106
50513,235,106
50535,235,106
50555,235,106
50576,235,106
50597,235,106
50618,220,126
50638,220,126
50660,220,126
50680,211,138
50701,211,138
50722,211,138
50743,198,148
50763,198,148
50785,198,148
50805,198,148
50826,198,148
50846,198,148
50868,198,148
50888,173,172
50909,173,172
50930,173,172
50951,162,182
50971,162,182
50993,162,182
51013,145,191
51034,145,191
51055,145,191
51076,131,198
51096,131,198
51118,131,198
51138,131,198
51159,114,203
51179,114,203
51201,114,203
51221,101,213
51241,101,213
51263,101,213
51283,81,221
51303,81,221
51323,81,221
51343,60,222
51362,60,222
51383,60,222
51402,60,222
51422,38,229
51441,38,229
51462,38,229
51481,15,232
51501,15,232
51521,15,232
51540,15,232
51560,15,232
51579,15,232
51600,15,232
51619,-32,233
51640,-32,233
51661,-32,233
51682,-58,232
51702,-58,232
51724,-58,232
51744,-78,226
51765,-78,226
51786,-78,226
51807,-78,226
51827,-78,226
51849,-78,226
51869,-78,226
51890,-110,214
51911,-110,214
51934,-110,214
51955,-120,214
51977,-120,214
51999,-120,214
52021,-130,209
52042,-130,209
52065,-130,209
52086,-141,206
52108,-141,206
52130,-141,206
52152,-147,200
52173,-147,200
52196,-147,200
52217,-157,198
52239,-157,198
52261,-157,198
52283,-163,192
52304,-163,192
52327,-163,192
52348,-173,186
52370,-173,186
52392,-173,186
52414,-183,182
52435,-183,182
52458,-183,182
52480,-192,176
52501,-192,176
52524,-192,176
52545,-199,167
52567,-199,167
52589,-199,167
52611,-208,160
52632,-208,160
52655,-208,160
52676,-208,160
52698,-208,160
52720,-208,160
52742,-208,160
52763,-208,160
52786,-208,160
52807,-208,160
52829,-208,160
52851,-208,160
52873,-208,160
52894,-208,160
52917,-208,160
52938,-208,160
52960,-246,126
52982,-246,126
53004,-246,126
53025,-252,116
53048,-252,116
53069,-252,116
53091,-261,108
53113,-261,108
53135,-261,108
53156,-266,97
53177,-266,97
53198,-266,97
53219,-267,92
53239,-267,92
53261,-267,92
53281,-277,82
53302,-277,82
53323,-277,82
53344,-277,82
53364,-277,82
53386,-277,82
53406,-277,82
53427,-285,64
53448,-285,64
53469,-285,64
53489,-290,58
53510,-290,58
53531,-290,58
53552,-293,47
53572,-293,47
53594,-293,47
53614,-299,41
53635,-299,41
53656,-299,41
53677,-299,41
53697,-301,30
53719,-301,30
53739,-301,30
53760,-304,24
53781,-304,24
53801,-304,24
53822,-307,11
53842,-307,11
53864,-307,11
53884,-310,-2
53905,-310,-2
53926,-310,-2
53947,-309,-10
53968,-309,-10
53991,-309,-10
54012,-309,-10
54034,-309,-10
54056,-309,-10
54078,-309,-10
54099,-309,-10
54122,-309,-10
54144,-309,-10
54165,-309,-10
54188,-309,-10
54209,-309,-10
54231,-309,-10
54263,-309,-10
54279,-309,-10
54296,-309,-10
54319,-309,-10
54340,-309,-10
54362,-320,-75
54384,-320,-75
54406,-320,-75
54427,-321,-84
54450,-321,-84
54471,-321,-84
54493,-321,-89
54515,-321,-89
54537,-321,-89
54558,-323,-96
54581,-323,-96
54602,-323,-96
54624,-322,-105
54647,-322,-105
54670,-322,-105
54692,-320,-113
54716,-320,-113
54738,-320,-113
54761,-319,-119
54785,-319,-119
54807,-319,-119
54830,-319,-128
54853,-319,-128
54876,-319,-128
54898,-319,-141
54922,-319,-141
54944,-319,-141
54967,-319,-141
54990,-319,-141
55013,-319,-141
55035,-312,-156
55059,-312,-156
55081,-312,-156
55104,-312,-156
55128,-312,-156
55150,-310,-172
55173,-310,-172
55196,-310,-172
55219,-306,-181
55241,-306,-181
55265,-306,-181
55287,-304,-192
55311,-304,-192
55333,-304,-192
55356,-301,-203
55379,-301,-203
55402,-301,-203
55425,-294,-216
55448,-294,-216
55471,-294,-216
55493,-291,-224
55517,-291,-224
55539,-291,-224
55562,-287,-227
55585,-287,-227
55608,-287,-227
55630,-284,-237
55654,-284,-237
55676,-284,-237
55699,-281,-241
55723,-281,-241
55745,-281,-241
55768,-279,-246
55791,-279,-246
55814,-279,-246
55836,-279,-246
55860,-279,-246
55882,-279,-246
55905,-279,-246
55928,-279,-246
55951,-268,-262
55973,-268,-262
55997,-268,-262
56019,-265,-267
56043,-265,-267
56066,-265,-267
56088,-259,-272
56112,-259,-272
56134,-259,-272
56157,-254,-281
56180,-254,-281
56203,-254,-281
56225,-243,-289
56249,-243,-289
56271,-243,-289
56294,-238,-298
56317,-238,-298
56340,-238,-298
56363,-233,-306
56386,-233,-306
56409,-233,-306
56431,-224,-312
56455,-224,-312
56477,-224,-312
56500,-215,-320
56523,-215,-320
56546,-215,-320
56568,-211,-323
56592,-211,-323
56614,-211,-323
56637,-211,-323
56660,-211,-323
56683,-211,-323
56706,-211,-323
56729,-211,-323
56752,-211,-323
56775,-211,-323
56798,-211,-323
56820,-184,-345
56844,-184,-345
56866,-184,-345
56889,-178,-350
56912,-178,-350
56935,-178,-350
56957,-168,-357
56981,-168,-357
57004,-168,-357
57026,-161,-358
57050,-161,-358
57072,-161,-358
57095,-158,-363
57118,-158,-363
57141,-158,-363
57163,-146,-368
57187,-146,-368
57209,-146,-368
57232,-142,-369
57255,-142,-369
57278,-142,-369
57300,-132,-377
57324,-132,-377
57347,-132,-377
57369,-120,-377
57393,-120,-377
57415,-120,-377
57439,-114,-381
57485,-114,-381
57500,-114,-381
57516,-114,-381
57531,-114,-381
57552,-114,-381
57576,-114,-381
57598,-114,-381
57621,-89,-394
57644,-89,-394
57665,-89,-394
57687,-89,-394
57709,-89,-394
57731,-89,-394
57752,-89,-394
57775,-69,-394
57796,-69,-394
57818,-69,-394
57840,-69,-394
57862,-69,-394
57883,-69,-394
57906,-47,-397
57927,-47,-397
57949,-47,-397
57970,-35,-399
57993,-35,-399
58014,-35,-399
58036,-17,-400
58058,-17,-400
58080,-17,-400
58101,-7,-398
58123,-7,-398
58143,-7,-398
58164,8,-398
58184,8,-398
58204,8,-398
58223,17,-398
58245,17,-398
58265,17,-398
58286,17,-398
58307,17,-398
58328,17,-398
58348,17,-398
58369,41,-394
58390,41,-394
58411,41,-394
58431,50,-393
58452,50,-393
58473,50,-393
58493,60,-391
58526,60,-391
58542,60,-391
58557,71,-389
58577,71,-389
58598,71,-389
58618,71,-389
58640,82,-384
58660,82,-384
58681,82,-384
58701,91,-382
58723,91,-382
58743,91,-382
58764,102,-376
58786,102,-376
58808,102,-376
58829,112,-373
58852,112,-373
58873,112,-373
58895,123,-365
58917,123,-365
58939,123,-365
58960,135,-361
58983,135,-361
59004,135,-361
59026,145,-354
59048,145,-354
59070,145,-354
59091,157,-347
59114,157,-347
59136,157,-347
59157,157,-347
59180,157,-347
59201,157,-347
59223,157,-347
59245,157,-347
59267,157,-347
59288,157,-347
59311,157,-347
59332,157,-347
59354,157,-347
59376,157,-347
59398,157,-347
59419,157,-347
59442,204,-308
59463,204,-308
59485,204,-308
59507,214,-297
59529,214,-297
59550,214,-297
59573,224,-288
59594,224,-288
59616,224,-288
59638,231,-278
59660,231,-278
59681,231,-278
59704,239,-267
59725,239,-267
59747,239,-267
59769,246,-257
59791,246,-257
59812,246,-257
59834,250,-250
59856,250,-250
59878,250,-250
59899,257,-238
59922,257,-238
59943,257,-238
59965,262,-226
59987,262,-226
60009,262,-226
60030,271,-214
60053,271,-214
60075,271,-214
60096,275,-199
60119,275,-199
60140,275,-199
60162,278,-188
60184,278,-188
60206,278,-188
60227,285,-172
60250,285,-172
60271,285,-172
60293,285,-172
60315,285,-172
60337,285,-172
60358,285,-172
60381,288,-147
60402,288,-147
60424,288,-147
60446,288,-147
60468,288,-147
60489,288,-147
60512,288,-147
60533,288,-147
60555,288,-147
60577,294,-105
60599,294,-105
60620,294,-105
60643,296,-88
60663,296,-88
60684,296,-88
60705,296,-77
60726,296,-77
60746,296,-77
60768,297,-65
60788,297,-65
60809,297,-65
60829,296,-54
60851,296,-54
60871,296,-54
60892,296,-54
60913,296,-54
60934,296,-54
60954,296,-54
60976,292,-23
60996,292,-23
61017,292,-23
61038,287,-11
61059,287,-11
61079,287,-11
61101,287,2
61119,287,2
61137,287,2
61156,287,2
61175,283,14
61195,283,14
61214,283,14
61235,279,26
61254,279,26
61274,279,26
61293,279,26
61314,279,26
61333,279,26
61352,279,26
61373,268,49
61392,268,49
61412,268,49
61432,264,61
61452,264,61
61471,264,61
61491,264,61
61511,256,73
61531,256,73
61550,256,73
61571,250,82
61590,250,82
61609,250,82
61629,250,82
61649,250,82
61669,250,82
61688,250,82
61709,236,107
61729,236,107
61750,236,107
61771,229,118
61792,229,118
61812,229,118
61834,220,128
61854,220,128
61875,220,128
61895,220,128
61917,220,128
61937,220,128
61958,220,128
61979,196,152
62000,196,152
62020,196,152
62042,182,162
62062,182,162
62083,182,162
62104,170,177
62125,170,177
62145,170,177
62167,153,186
62187,153,186
62208,153,186
62228,153,186
62249,153,186
62270,153,186
62290,153,186
62312,121,203
62332,121,203
62353,121,203
62374,103,211
62395,103,211
62415,103,211
62437,86,218
62456,86,218
62476,86,218
62495,86,218
62516,86,218
62535,86,218
62555,86,218
62575,54,227
62595,54,227
62614,54,227
62635,38,231
62654,38,231
62673,38,231
62693,38,231
62713,19,231
62733,19,231
62752,19,231
62785,5,234
62800,5,234
62816,5,234
62831,5,234
62848,-11,232
62868,-11,232
62888,-11,232
62910,-28,232
62930,-28,232
62951,-28,232
62972,-43,233
62993,-43,233
63013,-43,233
63035,-60,227
63055,-60,227
63076,-60,227
63097,-60,227
63118,-60,227
63138,-60,227
63159,-60,227
63180,-91,220
63201,-91,220
63221,-91,220
63243,-103,218
63264,-103,218
63286,-103,218
63308,-116,212
63330,-116,212
63351,-116,212
63374,-131,208
63395,-131,208
63417,-131,208
63439,-139,202
63461,-139,202
63482,-139,202
63505,-148,204
63526,-148,204
63548,-148,204
63570,-160,196
63592,-160,196
63613,-160,196
63636,-172,187
63657,-172,187
63679,-172,187
63702,-172,187
63723,-172,187
63745,-172,187
63767,-172,187
63789,-172,187
63810,-172,187
63833,-172,187
63854,-172,187
63876,-172,187
63898,-172,187
63920,-172,187
63941,-172,187
63964,-172,187
63985,-210,153
64007,-210,153
64029,-210,153
64051,-222,150
64072,-222,150
64094,-222,150
64116,-231,141
64138,-231,141
64159,-231,141
64182,-240,130
64203,-240,130
64225,-240,130
64247,-245,122
64269,-245,122
64290,-245,122
64313,-253,115
64334,-253,115
64356,-253,115
64378,-260,107
64400,-260,107
64421,-260,107
64444,-265,98
64464,-265,98
64485,-265,98
64506,-270,92
64527,-270,92
64547,-270,92
64569,-270,92
64589,-270,92
64610,-270,92
64631,-270,92
64652,-279,78
64672,-279,78
64694,-279,78
64714,-280,69
64735,-280,69
64755,-280,69
64777,-288,61
64797,-288,61
64818,-288,61
64839,-290,51
64860,-290,51
64880,-290,51
64902,-290,51
64922,-290,51
64943,-290,51
64964,-290,51
64985,-298,31
65005,-298,31
65027,-298,31
65047,-305,21
65068,-305,21
65088,-305,21
65110,-309,9
65129,-309,9
65148,-309,9
65169,-309,9
65188,-309,9
65208,-309,9
65228,-309,9
65248,-314,-17
65269,-314,-17
65291,-314,-17
65313,-317,-32
65335,-317,-32
65356,-317,-32
65379,-319,-47
65400,-319,-47
65422,-319,-47
65444,-317,-60
65466,-317,-60
65487,-317,-60
65510,-320,-76
65531,-320,-76
65553,-320,-76
65575,-322,-83
65597,-322,-83
65618,-322,-83
65641,-322,-92
65662,-322,-92
65684,-322,-92
65707,-319,-99
65728,-319,-99
65750,-319,-99
65772,-319,-99
65794,-319,-99
65815,-319,-99
65838,-319,-99
65859,-319,-99
65881,-319,-99
65903,-319,-99
65925,-319,-99
65946,-319,-99
65969,-319,-99
65990,-317,-127
66013,-317,-127
66036,-317,-127
66059,-317,-127
66081,-317,-127
66105,-317,-127
66127,-317,-127
66150,-317,-127
66173,-317,-127
66196,-317,-127
66219,-317,-127
66242,-308,-165
66265,-308,-165
66287,-308,-165
66311,-305,-176
66333,-305,-176
66356,-305,-176
66379,-303,-188
66402,-303,-188
66425,-303,-188
66448,-299,-197
66470,-299,-197
66494,-299,-197
66516,-294,-211
66539,-294,-211
66563,-294,-211
66585,-293,-220
66608,-293,-220
66631,-293,-220
66654,-285,-229
66676,-285,-229
66700,-285,-229
66722,-283,-236
66745,-283,-236
66768,-283,-236
66791,-280,-243
66813,-280,-243
66837,-280,-243
66860,-278,-248
66882,-278,-248
66906,-278,-248
66928,-278,-248
66951,-278,-248
66974,-278,-248
66997,-278,-248
67019,-278,-248
67052,-272,-256
67067,-272,-256
67088,-272,-256
67111,-268,-261
67134,-268,-261
67158,-268,-261
67180,-263,-268
67203,-263,-268
67226,-263,-268
67249,-260,-275
67271,-260,-275
67295,-260,-275
67317,-253,-284
67340,-253,-284
67363,-253,-284
67386,-246,-290
67408,-246,-290
67432,-246,-290
67454,-236,-300
67477,-236,-300
67501,-236,-300
67523,-230,-305
67546,-230,-305
67569,-230,-305
67592,-226,-313
67614,-226,-313
67638,-226,-313
67660,-217,-321
67683,-217,-321
67706,-217,-321
67729,-217,-321
67751,-217,-321
67775,-217,-321
67798,-217,-321
67820,-217,-321
67844,-217,-321
67866,-217,-321
67890,-217,-321
67912,-185,-345
67935,-185,-345
67958,-185,-345
67981,-170,-356
68003,-170,-356
68027,-170,-356
68049,-163,-361
68072,-163,-361
68096,-163,-361
68118,-151,-363
68141,-151,-363
68164,-151,-363
68187,-138,-370
68209,-138,-370
68233,-138,-370
68255,-129,-377
68278,-129,-377
68301,-129,-377
68324,-119,-380
68346,-119,-380
68370,-119,-380
68392,-110,-381
68415,-110,-381
68439,-110,-381
68461,-99,-385
68483,-99,-385
68505,-99,-385
68527,-93,-389
68548,-93,-389
68571,-93,-389
68592,-80,-391
68614,-80,-391
68636,-80,-391
68658,-72,-392
68679,-72,-392
68702,-72,-392
68723,-59,-396
68745,-59,-396
68767,-59,-396
68789,-50,-395
68810,-50,-395
68833,-50,-395
68854,-39,-396
68876,-39,-396
68898,-39,-396
68920,-25,-397
68941,-25,-397
68964,-25,-397
68985,-16,-399
69007,-16,-399
69029,-16,-399
69051,-6,-400
69071,-6,-400
69093,-6,-400
69113,-6,-400
69134,-6,-400
69155,-6,-400
69176,-6,-400
69196,16,-397
69217,16,-397
69238,16,-397
69259,23,-395
69279,23,-395
69301,23,-395
69321,33,-395
69342,33,-395
69363,33,-395
69384,42,-396
69404,42,-396
69426,42,-396
69446,42,-396
69467,42,-396
69488,42,-396
69509,42,-396
69529,56,-393
69550,56,-393
69571,56,-393
69592,62,-391
69612,62,-391
69634,62,-391
69654,70,-386
69675,70,-386
69696,70,-386
69716,78,-384
69737,78,-384
69758,78,-384
69779,78,-384
69799,78,-384
69821,78,-384
69841,78,-384
69862,97,-380
69882,97,-380
69904,97,-380
69924,106,-376
69946,106,-376
69968,106,-376
69990,111,-369
70011,111,-369
70034,111,-369
70055,126,-365
70077,126,-365
70099,126,-365
70121,134,-362
70142,134,-362
70165,134,-362
70187,141,-358
70208,141,-358
70231,141,-358
70252,146,-353
70274,146,-353
70296,146,-353
70318,151,-351
70339,151,-351
70362,151,-351
70383,151,-351
70405,151,-351
70427,151,-351
70449,151,-351
70470,151,-351
70493,151,-351
70514,151,-351
70536,151,-351
70558,151,-351
70580,151,-351
70601,151,-351
70624,151,-351
70645,151,-351
70667,172,-336
70689,172,-336
70711,172,-336
70732,180,-332
70755,180,-332
70776,180,-332
70798,185,-323
70820,185,-323
70842,185,-323
70863,196,-320
70886,196,-320
70907,196,-320
70929,203,-311
70951,203,-311
70973,203,-311
70994,209,-304
71016,209,-304
71038,209,-304
71060,217,-297
71081,217,-297
71104,217,-297
71126,224,-288
71147,224,-288
71170,224,-288
71191,231,-277
71213,231,-277
71235,231,-277
71257,237,-267
71278,237,-267
71311,237,-267
71326,242,-258
71344,242,-258
71366,242,-258
71388,249,-247
71409,249,-247
71432,249,-247
71453,256,-240
71475,256,-240
71497,256,-240
71519,256,-240
71540,256,-240
71563,256,-240
71584,256,-240
71606,256,-240
71628,256,-240
71650,256,-240
71671,256,-240
71694,256,-240
71715,256,-240
71737,256,-240
71759,256,-240
71781,256,-240
71802,276,-194
71825,276,-194
71846,276,-194
71868,279,-181
71890,279,-181
71912,279,-181
71933,284,-172
71956,284,-172
71977,284,-172
71999,287,-160
72022,287,-160
72043,287,-160
72065,289,-147
72087,289,-147
72109,289,-147
72130,296,-130
72153,296,-130
72174,296,-130
72196,294,-116
72218,294,-116
72240,294,-116
72261,296,-99
72283,296,-99
72303,296,-99
72324,293,-80
72344,293,-80
72366,293,-80
72386,293,-80
72407,293,-80
72428,293,-80
72449,293,-80
72469,295,-45
72491,295,-45
72511,295,-45
72531,292,-28
72553,292,-28
72573,292,-28
72594,286,-6
72613,286,-6
72634,286,-6
72653,286,-6
72673,286,-6
72693,286,-6
72713,286,-6
72732,275,32
72753,275,32
72772,275,32
72792,270,50
72811,270,50
72832,270,50
72851,270,50
72870,270,50
72891,270,50
72910,270,50
72930,248,87
72950,248,87
72970,248,87
72989,240,104
73010,240,104
73031,240,104
73052,240,104
73072,240,104
73094,240,104
73114,240,104
73135,211,133
73156,211,133
73177,211,133
73197,199,149
73219,199,149
73239,199,149
73260,182,162
73280,182,162
73302,182,162
73322,182,162
73342,182,162
73364,182,162
73384,182,162
73405,150,187
73426,150,187
73447,150,187
73467,131,194
73489,131,194
73509,131,194
73530,113,207
73551,113,207
73572,113,207
73592,93,214
73612,93,214
73632,93,214
73652,93,214
73671,74,221
73692,74,221
73711,74,221
73731,48,226
73751,48,226
73771,48,226
73790,48,226
73809,48,226
73830,48,226
73849,48,226
73869,1,235
73888,1,235
73907,1,235
73925,-23,230
73947,-23,230
73967,-23,230
73988,-23,230
74008,-23,230
74030,-23,230
74050,-23,230
74071,-64,228
74092,-64,228
74113,-64,228
74133,-83,225
74155,-83,225
74175,-83,225
74195,-100,220
74218,-100,220
74240,-100,220
74261,-116,213
74284,-116,213
74305,-116,213
74327,-133,205
74349,-133,205
74371,-133,205
74392,-144,202
74415,-144,202
74436,-144,202
74458,-144,202
74480,-144,202
74502,-144,202
74523,-144,202
74546,-169,187
74567,-169,187
74589,-169,187
74610,-169,187
74633,-169,187
74654,-169,187
74676,-169,187
74698,-169,187
74720,-169,187
74741,-199,168
74764,-199,168
74785,-199,168
74807,-206,161
74829,-206,161
74851,-206,161
74872,-216,155
74895,-216,155
74916,-216,155
74938,-227,142
74960,-227,142
74982,-227,142
75003,-236,132
75026,-236,132
75047,-236,132
75069,-248,119
75091,-248,119
75113,-248,119
75134,-258,107
75157,-258,107
75179,-258,107
75200,-269,95
75222,-269,95
75242,-269,95
75262,-275,76
75284,-275,76
75304,-275,76
75325,-275,76
75346,-275,76
75367,-275,76
75387,-275,76
75408,-287,53
75429,-287,53
75450,-287,53
75470,-294,42
75492,-294,42
75512,-294,42
75533,-298,30
75566,-298,30
75581,-298,30
75596,-303,19
75617,-303,19
75637,-303,19
75658,-303,19
75679,-303,19
75700,-303,19
75720,-303,19
75741,-307,-1
75762,-307,-1
75783,-307,-1
75803,-313,-9
75825,-313,-9
75845,-313,-9
75866,-314,-22
75888,-314,-22
75910,-314,-22
75931,-316,-37
75954,-316,-37
75975,-316,-37
75997,-317,-49
76019,-317,-49
76041,-317,-49
76062,-321,-60
76085,-321,-60
76106,-321,-60
76128,-321,-60
76150,-321,-60
76172,-321,-60
76193,-321,-60
76216,-320,-91
76237,-320,-91
76259,-320,-91
76281,-320,-91
76303,-320,-91
76324,-320,-91
76347,-320,-91
76368,-320,-91
76390,-320,-91
76412,-315,-131
76435,-315,-131
76457,-315,-131
76481,-314,-142
76504,-314,-142
76526,-314,-142
76550,-314,-142
76572,-314,-142
76595,-314,-142
76618,-314,-142
76641,-314,-142
76663,-308,-181
76687,-308,-181
76709,-308,-181
76732,-302,-191
76755,-302,-191
76778,-302,-191
76801,-299,-202
76824,-299,-202
76847,-299,-202
76869,-297,-212
76893,-297,-212
76915,-297,-212
76938,-288,-221
76961,-288,-221
76984,-288,-221
77006,-281,-234
77030,-281,-234
77052,-281,-234
77076,-277,-249
77099,-277,-249
77121,-277,-249
77145,-270,-261
77167,-270,-261
77190,-270,-261
77213,-259,-270
77236,-259,-270
77258,-259,-270
77282,-251,-282
77304,-251,-282
77327,-251,-282
77350,-251,-282
77373,-251,-282
77395,-251,-282
77419,-240,-301
77442,-240,-301
77464,-240,-301
77488,-240,-301
77510,-240,-301
77533,-221,-320
77556,-221,-320
77579,-221,-320
77601,-209,-327
77625,-209,-327
77647,-209,-327
77670,-200,-336
77693,-200,-336
77716,-200,-336
77739,-189,-338
77762,-189,-338
77785,-189,-338
77808,-179,-349
77831,-179,-349
77853,-179,-349
77877,-172,-356
77899,-172,-356
77922,-172,-356
77945,-162,-359
77968,-162,-359
77990,-162,-359
78014,-150,-367
78036,-150,-367
78059,-150,-367
78083,-142,-373
78105,-142,-373
78128,-142,-373
78151,-133,-374
78174,-133,-374
78196,-133,-374
78220,-133,-374
78242,-133,-374
78265,-133,-374
78288,-133,-374
78311,-133,-374
78333,-111,-382
78357,-111,-382
78380,-111,-382
78402,-109,-384
78426,-109,-384
78448,-109,-384
78472,-101,-387
78494,-101,-387
78517,-101,-387
78540,-103,-387
78563,-103,-387
78585,-103,-387
78609,-92,-386
78630,-92,-386
78652,-92,-386
78674,-90,-390
78696,-90,-390
78717,-90,-390
78740,-83,-391
78761,-83,-391
78783,-83,-391
78806,-77,-394
78827,-77,-394
78849,-77,-394
78871,-64,-397
78893,-64,-397
78914,-64,-397
78936,-58,-399
78958,-58,-399
78980,-58,-399
79001,-43,-397
79024,-43,-397
79045,-43,-397
79067,-43,-397
79089,-43,-397
79111,-43,-397
79132,-43,-397
79155,-43,-397
79176,-43,-397
79198,-43,-397
79220,-43,-397
79242,-43,-397
79263,-43,-397
79286,-2,-399
79306,-2,-399
79327,-2,-399
79348,11,-399
79369,11,-399
79389,11,-399
79411,22,-400
79431,22,-400
79452,22,-400
79473,32,-395
79494,32,-395
79514,32,-395
79535,32,-395
79556,32,-395
79577,32,-395
79597,32,-395
79619,66,-390
79639,66,-390
79660,66,-390
79681,83,-383
79702,83,-383
79722,83,-383
79744,101,-376
79765,101,-376
79787,101,-376
79819,120,-371
79835,120,-371
79852,120,-371
79875,137,-363
79896,137,-363
79918,137,-363
79940,153,-347
79962,153,-347
79983,153,-347
80006,168,-338
80027,168,-338
80049,168,-338
80071,183,-333
80093,183,-333
80114,183,-333
80137,183,-333
80158,183,-333
80180,183,-333
80201,183,-333
80224,201,-307
80245,201,-307
80267,201,-307
80289,201,-307
80311,201,-307
80332,201,-307
80355,226,-284
80376,226,-284
80398,226,-284
80420,232,-275
80442,232,-275
80463,232,-275
80486,239,-264
80507,239,-264
80529,239,-264
80551,249,-253
80573,249,-253
80594,249,-253
80617,256,-242
80638,256,-242
80660,256,-242
80683,263,-232
80704,263,-232
80726,263,-232
80748,265,-221
80770,265,-221
80791,265,-221
80814,272,-207
80835,272,-207
80857,272,-207
80879,276,-191
80901,276,-191
80922,276,-191
80945,285,-178
80966,285,-178
80988,285,-178
81010,287,-162
81032,287,-162
81053,287,-162
81076,288,-144
81097,288,-144
81119,288,-144
81141,293,-129
81163,293,-129
81184,293,-129
81207,295,-108
81228,295,-108
81250,295,-108
81272,295,-108
81294,295,-108
81315,295,-108
81338,295,-108
81359,294,-69
81380,294,-69
81401,294,-69
81422,298,-48
81442,298,-48
81463,298,-48
81484,293,-28
81505,293,-28
81525,293,-28
81547,288,-7
81566,288,-7
81586,288,-7
81606,288,-7
81626,288,-7
81645,288,-7
81665,288,-7
81685,276,26
81704,276,26
81724,276,26
81744,273,40
81764,273,40
81783,273,40
81804,273,40
81823,273,40
81843,273,40
81862,273,40
81883,260,72
81902,260,72
81922,260,72
81942,249,86
81961,249,86
81981,249,86
82001,249,86
82021,241,100
82041,241,100
82062,241,100
82083,230,116
82104,230,116
82124,230,116
82146,214,133
82166,214,133
82187,214,133
82208,214,133
82229,214,133
82249,214,133
82271,214,133
82291,190,153
82312,190,153
82332,190,153
82354,177,163
82374,177,163
82395,177,163
82416,166,175
82437,166,175
82457,166,175
82479,150,186
82499,150,186
82520,150,186
82541,150,186
82562,150,186
82582,150,186
82604,150,186
82624,116,204
82644,116,204
82666,116,204
82686,94,212
82706,94,212
82725,94,212
82746,75,217
82765,75,217
82785,75,217
82805,75,217
82825,75,217
82844,75,217
82864,75,217
82884,25,230
82904,25,230
82923,25,230
82944,0,227
82962,0,227
82980,0,227
82999,0,227
83018,-26,231
83039,-26,231
83059,-26,231
83081,-52,229
83101,-52,229
83122,-52,229
83143,-52,229
83164,-52,229
83184,-52,229
83206,-52,229
83226,-96,221
83247,-96,221
83268,-96,221
83289,-113,215
83310,-113,215
83333,-113,215
83354,-129,211
83376,-129,211
83398,-129,211
83420,-144,200
83441,-144,200
83463,-144,200
83485,-151,195
83507,-151,195
83528,-151,195
83551,-165,194
83572,-165,194
83594,-165,194
83616,-171,185
83638,-171,185
83659,-171,185
83682,-179,182
83703,-179,182
83725,-179,182
83747,-185,174
83769,-185,174
83790,-185,174
83813,-192,171
83834,-192,171
83856,-192,171
83878,-192,171
83900,-192,171
83921,-192,171
83944,-192,171
83965,-192,171
83987,-192,171
84009,-192,171
84031,-192,171
84052,-192,171
84085,-220,147
84101,-220,147
84118,-220,147
84141,-220,147
84162,-229,141
84184,-229,141
84206,-229,141
84228,-235,133
84249,-235,133
84272,-235,133
84293,-243,127
84315,-243,127
84337,-243,127
84359,-248,117
84380,-248,117
84403,-248,117
84424,-255,111
84446,-255,111
84468,-255,111
84490,-262,100
84511,-262,100
84534,-262,100
84555,-267,94
84576,-267,94
84597,-267,94
84618,-276,79
84638,-276,79
84659,-276,79
84680,-276,79
84701,-276,79
84721,-276,79
84743,-276,79
84763,-287,57
84784,-287,57
84805,-287,57
84826,-294,42
84846,-294,42
84868,-294,42
84888,-301,27
84909,-301,27
84930,-301,27
84951,-305,17
84971,-305,17
84992,-305,17
85013,-305,17
85033,-305,17
85054,-305,17
85075,-305,17
85096,-314,-8
85116,-314,-8
85138,-314,-8
85158,-312,-19
85180,-312,-19
85202,-312,-19
85224,-316,-32
85245,-316,-32
85268,-316,-32
85289,-316,-44
85311,-316,-44
85334,-316,-44
85355,-317,-53
85377,-317,-53
85399,-317,-53
85421,-321,-63
85442,-321,-63
85465,-321,-63
85486,-320,-77
85508,-320,-77
85530,-320,-77
85552,-319,-87
85573,-319,-87
85596,-319,-87
85617,-321,-104
85640,-321,-104
85663,-321,-104
85686,-318,-115
85708,-318,-115
85732,-318,-115
85754,-317,-129
85777,-317,-129
85800,-317,-129
85823,-318,-140
85846,-318,-140
85869,-318,-140
85892,-314,-151
85914,-314,-151
85938,-314,-151
85960,-312,-162
85983,-312,-162
86006,-312,-162
86029,-306,-174
86051,-306,-174
86075,-306,-174
86097,-304,-183
86120,-304,-183
86144,-304,-183
86166,-302,-194
86189,-302,-194
86212,-302,-194
86235,-298,-205
86257,-298,-205
86281,-298,-205
86303,-298,-205
86327,-298,-205
86349,-298,-205
86372,-298,-205
86395,-298,-205
86418,-282,-239
86440,-282,-239
86464,-282,-239
86487,-277,-249
86509,-277,-249
86533,-277,-249
86555,-268,-263
86578,-268,-263
86601,-268,-263
86624,-260,-273
86646,-260,-273
86670,-260,-273
86692,-251,-282
86715,-251,-282
86738,-251,-282
86761,-242,-297
86784,-242,-297
86807,-242,-297
86830,-231,-309
86852,-231,-309
86876,-231,-309
86898,-224,-318
86921,-224,-318
86944,-224,-318
86967,-213,-326
86989,-213,-326
87013,-213,-326
87035,-203,-331
87059,-203,-331
87081,-203,-331
87104,-203,-331
87128,-203,-331
87150,-203,-331
87173,-203,-331
87196,-203,-331
87219,-203,-331
87241,-203,-331
87265,-203,-331
87287,-158,-361
87310,-158,-361
87333,-158,-361
87356,-151,-369
87378,-151,-369
87402,-151,-369
87425,-140,-370
87447,-140,-370
87471,-140,-370
87493,-135,-371
87516,-135,-371
87539,-135,-371
87562,-124,-377
87584,-124,-377
87608,-124,-377
87630,-121,-377
87653,-121,-377
87676,-121,-377
87699,-115,-381
87721,-115,-381
87745,-115,-381
87768,-108,-382
87791,-108,-382
87814,-108,-382
87836,-104,-384
87860,-104,-384
87882,-104,-384
87905,-102,-386
87928,-102,-386
87951,-102,-386
87973,-102,-386
87997,-102,-386
88019,-102,-386
88042,-102,-386
88066,-102,-386
88088,-72,-392
88110,-72,-392
88132,-72,-392
88154,-72,-392
88175,-72,-392
88198,-72,-392
88219,-72,-392
88241,-72,-392
88263,-72,-392
88285,-72,-392
88306,-72,-392
88339,-72,-392
88354,-72,-392
88372,-72,-392
88394,-72,-392
88416,-72,-392
88437,0,-399
88457,0,-399
88477,0,-399
88497,15,-397
88517,15,-397
88539,15,-397
88559,28,-397
88580,28,-397
88601,28,-397
88622,28,-397
88642,28,-397
88664,28,-397
88684,28,-397
88705,57,-390
88726,57,-390
88747,57,-390
88767,68,-387
88788,68,-387
88809,68,-387
88829,83,-385
88850,83,-385
88871,83,-385
88892,93,-378
88912,93,-378
88934,93,-378
88954,93,-378
88975,109,-377
88997,109,-377
89019,109,-377
89040,109,-377
89063,109,-377
89084,109,-377
89106,130,-364
89128,130,-364
89150,130,-364
89171,145,-356
89194,145,-356
89216,145,-356
89237,154,-349
89260,154,-349
89281,154,-349
89303,167,-343
89325,167,-343
89347,167,-343
89368,178,-333
89391,178,-333
89412,178,-333
89434,184,-324
89456,184,-324
89478,184,-324
89499,194,-314
89522,194,-314
89543,194,-314
89565,203,-311
89586,203,-311
89609,203,-311
89630,209,-299
89652,209,-299
89674,209,-299
89696,220,-294
89717,220,-294
89740,220,-294
89761,224,-288
89783,224,-288
89805,224,-288
89827,230,-277
89848,230,-277
89871,230,-277
89892,234,-273
89914,234,-273
89936,234,-273
89958,234,-273
89979,234,-273
90002,234,-273
90023,234,-273
90045,247,-256
90067,247,-256
90089,247,-256
90110,247,-256
90133,247,-256
90155,247,-256
90176,256,-236
90199,256,-236
90220,256,-236
90242,265,-223
90264,265,-223
90286,265,-223
90307,269,-216
90330,269,-216
90351,269,-216
90373,274,-203
90395,274,-203
90417,274,-203
90438,279,-194
90461,279,-194
90482,279,-194
90504,281,-185
90526,281,-185
90548,281,-185
90569,285,-177
90592,285,-177
90613,285,-177
90635,286,-162
90657,286,-162
90679,286,-162
90700,288,-151
90723,288,-151
90744,288,-151
90766,293,-138
90788,293,-138
90810,293,-138
90831,295,-124
90854,295,-124
90875,295,-124
90897,295,-115
90919,295,-115
90941,295,-115
90962,297,-107
90984,297,-107
91006,297,-107
91028,295,-97
91048,295,-97
91070,295,-97
91090,295,-97
91111,295,-97
91132,295,-97
91153,295,-97
91173,295,-70
91195,295,-70
91215,295,-70
