17.159000,Sta,Switch ON!
19.716000,Sta,Initialize SD OK!
22.233000,Sta,Initialize Moter OK!
55.502000,MagCal,244000,209500,1102,7,xMaxs,158,151,131,128,123,117,117,115,113,113,xMins,-601,-601,-603,-603,-604,-605,-605,-606,-606,-610,yMaxs,124,123,118,118,118,118,118,117,115,111,yMins,-533,-533,-534,-534,-534,-537,-537,-537,-539,-539
58.089000,Sta,Initialize Magnet OK!
63.278000,Sta,Initialize GPS OK!
65.794000,Sta,Initialization Finish!
1.633000,Sta,Switch ON!
1.674000,Sta,Initialize SD OK!
1.719000,Sta,Initialize Moter OK!
15.810000,MagCal,235000,209000,1115,6,xMaxs,192,190,188,188,174,170,170,170,169,167,xMins,-634,-635,-636,-637,-639,-640,-641,-645,-648,-648,yMaxs,169,158,158,155,155,154,154,153,153,153,yMins,-570,-570,-572,-572,-572,-572,-572,-573,-573,-577
16.638000,Sta,Initialize Magnet OK!
19.111000,Sta,Initialize GPS OK!
19.204000,Sta,Initialization Finish!
597.501000,Sta,Open Casing.
619.346000,ComSDL,GoStraight,2.450000,5399
625.892000,Gps,94058,35.715376,139.759300,39.300000
626.882000,Gps,95106,35.715198,139.759085,39.300000
627.884000,Gps,95107,35.715198,139.759085,39.300000
628.885000,Gps,95108,35.715198,139.759085,39.300000
629.883000,Gps,95109,35.715198,139.759085,39.300000
630.883000,Gps,95110,35.715198,139.759085,39.300000
631.441000,ComSDL,SetRoverAngle,0.879000,40
637.262000,ComSDL,GoStraight,0.879000,5399
646.674000,ComSD,RunUpNearGoal,3.000000
646.928000,Gps,95110,35.715198,139.759085,39.300000
647.875000,Gps,95127,35.715210,139.759113,39.300000
648.875000,Gps,95128,35.715210,139.759113,39.300000
649.875000,Gps,95129,35.715210,139.759113,39.300000
650.486000,MagAvg,5,1.266000
650.815000,ComSDL,SetRoverAngle,0.368000,40
653.648000,MagAvg,5,0.236000
654.715000,ComSDL,GoStraight,0.368000,17999
688.932000,Gps,95129,35.715210,139.759113,39.300000
689.858000,Gps,95209,35.715191,139.759110,39.300000
690.879000,Gps,95210,35.715191,139.759110,39.300000
691.859000,Gps,95211,35.715191,139.759110,39.300000
693.463000,Sta,Stuck.
702.043000,MagAvg,5,1.439000
702.370000,ComSDL,SetRoverAngle,0.366000,40
710.106000,MagAvg,5,0.248000
711.173000,ComSDL,GoStraight,0.366000,17999
1.627000,Sta,Switch ON!
1.635000,Sta,Initialize SD OK!
1.643000,Sta,Initialize Moter OK!
15.731000,MagCal,231500,221000,1080,7,xMaxs,185,185,182,181,181,180,180,178,178,178,xMins,-640,-640,-640,-641,-641,-643,-643,-646,-646,-646,yMaxs,161,161,160,160,160,160,158,158,158,155,yMins,-595,-595,-598,-599,-599,-602,-605,-610,-610,-610
16.087000,Sta,Initialize Magnet OK!
18.677000,Sta,Initialize GPS OK!
18.699000,Sta,Initialization Finish!
46.155000,Sta,Open Casing.
47.226000,Sta,FET1 ON
54.285000,Sta,FET1 OFF
55.346000,Sta,FET2 ON
62.394000,Sta,FET1 OFF
68.221000,ComSDL,GoStraight,1.733000,5399
75.740000,Gps,100809,35.717499,139.760293,39.300000
76.665000,Gps,100907,35.717517,139.760391,39.300000
77.665000,Gps,100908,35.717517,139.760391,39.300000
78.664000,Gps,100909,35.717517,139.760391,39.300000
79.664000,Gps,100910,35.717517,139.760391,39.300000
80.665000,Gps,100911,35.717517,139.760391,39.300000
81.226000,ComSDL,SetRoverAngle,0.162000,40
90.326000,ComSDL,GoStraight,0.162000,5399
99.809000,ComSD,RunUpNearGoal,3.000000
100.748000,Gps,100911,35.717517,139.760391,39.300000
101.660000,Gps,100932,35.717561,139.760403,39.300000
102.658000,Gps,100933,35.717561,139.760403,39.300000
103.658000,Gps,100934,35.717561,139.760403,39.300000
104.269000,MagAvg,5,0.572000
104.601000,ComSDL,SetRoverAngle,0.004000,40
107.427000,MagAvg,5,0.054000
108.491000,ComSDL,GoStraight,0.004000,17999
138.719000,Gps,100934,35.717561,139.760403,39.300000
139.644000,Gps,101010,35.717706,139.760378,39.300000
140.645000,Gps,101011,35.717706,139.760378,39.300000
141.643000,Gps,101012,35.717706,139.760378,39.300000
142.248000,MagAvg,5,0.168000
142.576000,ComSDL,SetRoverAngle,0.098000,40
142.943000,MagAvg,5,0.168000
144.006000,ComSDL,GoStraight,0.098000,17999
66.708000,Gps,101012,35.717706,139.760378,39.300000
167.634000,Gps,101038,35.717844,139.760391,39.300000
168.634000,Gps,101039,35.717844,139.760391,39.300000
169.634000,Gps,101040,35.717844,139.760391,39.300000
170.240000,MagAvg,5,1.462000
170.568000,ComSDL,SetRoverAngle,0.134000,40
176.669000,MagAvg,5,0.139000
177.736000,ComSDL,GoStraight,0.134000,13587
195.698000,Gps,101040,35.717844,139.760391,39.300000
196.626000,Gps,101107,35.717951,139.760413,39.300000
197.642000,Gps,101108,35.717951,139.760413,39.300000
198.623000,Gps,101109,35.717951,139.760413,39.300000
199.022000,Sta,break RunUpNearGoal()
209.130000,Sta,GOAL!!!!!
62.174000,Sta,Switch ON!
62.238000,Sta,Initialize SD OK!
62.326000,Sta,Initialize Moter OK!
76.504000,MagCal,222500,221000,1117,5,xMaxs,200,198,198,194,192,192,190,190,190,190,xMins,-633,-633,-633,-637,-637,-637,-639,-639,-642,-652,yMaxs,154,152,152,151,150,150,150,150,150,148,yMins,-587,-588,-591,-591,-592,-592,-593,-593,-594,-594
77.358000,Sta,Initialize Magnet OK!
80.385000,Sta,Initialize GPS OK!
80.477000,Sta,Initialization Finish!
98.024000,Sta,Open Casing.
99.099000,Sta,FET1 ON
106.157000,Sta,FET1 OFF
107.218000,Sta,FET2 ON
114.280000,Sta,FET1 OFF
120.109000,ComSDL,GoStraight,-1.444000,5399
127.435000,Gps,101943,35.717552,139.760605,39.300000
128.363000,Gps,102031,35.717521,139.760555,39.300000
129.362000,Gps,102032,35.717521,139.760555,39.300000
130.366000,Gps,102033,35.717521,139.760555,39.300000
131.366000,Gps,102034,35.717521,139.760555,39.300000
132.366000,Gps,102035,35.717521,139.760555,39.300000
132.947000,ComSDL,SetRoverAngle,-3.014000,40
139.608000,ComSDL,GoStraight,-3.014000,5399
1.629000,Sta,Switch ON!
1.693000,Sta,Initialize SD OK!
1.778000,Sta,Initialize Moter OK!
15.952000,MagCal,218500,228500,1115,6,xMaxs,198,193,190,190,188,188,187,185,182,182,xMins,-621,-621,-621,-622,-622,-625,-629,-634,-636,-638,yMaxs,140,140,139,138,137,136,136,135,134,134,yMins,-588,-590,-591,-591,-592,-593,-593,-596,-598,-600
16.814000,Sta,Initialize Magnet OK!
19.685000,Sta,Initialize GPS OK!
19.774000,Sta,Initialization Finish!
34.831000,Sta,Open Casing.
35.906000,Sta,FET1 ON
42.963000,Sta,FET1 OFF
44.021000,Sta,FET2 ON
51.076000,Sta,FET1 OFF
56.901000,ComSDL,GoStraight,-1.444000,5399
63.739000,Gps,102410,35.717562,139.760576,39.300000
64.684000,Gps,102455,35.717562,139.760576,39.300000
65.687000,Gps,102456,35.717562,139.760576,39.300000
66.666000,Gps,102457,35.717562,139.760576,39.300000
67.666000,Gps,102458,35.717562,139.760576,39.300000
68.667000,Gps,102459,35.717562,139.760576,39.300000
69.226000,ComSDL,SetRoverAngle,0.126000,40
75.871000,ComSDL,GoStraight,0.126000,5399
85.356000,ComSD,RunUpNearGoal,2.000000
85.737000,Gps,102459,35.717562,139.760576,39.300000
86.664000,Gps,102517,35.717574,139.760563,39.300000
87.662000,Gps,102518,35.717574,139.760563,39.300000
88.663000,Gps,102519,35.717574,139.760563,39.300000
89.267000,MagAvg,5,0.521000
89.594000,ComSDL,SetRoverAngle,-0.259000,40
93.235000,MagAvg,5,6.093000
94.299000,ComSDL,GoStraight,-0.259000,17999
124.723000,Gps,102519,35.717574,139.760563,39.300000
125.665000,Gps,102556,35.717714,139.760523,39.300000
126.649000,Gps,102557,35.717714,139.760523,39.300000
127.647000,Gps,102558,35.717714,139.760523,39.300000
128.260000,MagAvg,5,0.553000
128.587000,ComSDL,SetRoverAngle,-0.271000,40
132.238000,MagAvg,5,6.119000
133.302000,ComSDL,GoStraight,-0.271000,17999
155.712000,Gps,102558,35.717714,139.760523,39.300000
156.638000,Gps,102627,35.717714,139.760523,39.300000
157.658000,Gps,102628,35.717714,139.760523,39.300000
158.659000,Gps,102629,35.717714,139.760523,39.300000
160.271000,Sta,Stuck.
178.850000,MagAvg,5,1.834000
179.182000,ComSDL,SetRoverAngle,-0.271000,40
182.016000,MagAvg,5,6.095000
183.087000,ComSDL,GoStraight,-0.271000,17999
205.691000,Gps,102629,35.717714,139.760523,39.300000
206.617000,Gps,102717,35.717767,139.760571,39.300000
207.617000,Gps,102718,35.717767,139.760571,39.300000
208.637000,Gps,102719,35.717767,139.760571,39.300000
210.248000,Sta,Stuck.
228.931000,MagAvg,5,5.815000
229.266000,ComSDL,SetRoverAngle,-0.422000,40
233.737000,MagAvg,5,5.897000
234.808000,ComSDL,GoStraight,-0.422000,17999
257.673000,Gps,102719,35.717767,139.760571,39.300000
258.596000,Gps,102809,35.717886,139.760513,39.300000
259.617000,Gps,102810,35.717886,139.760513,39.300000
260.618000,Gps,102811,35.717886,139.760513,39.300000
261.236000,MagAvg,5,6.256000
261.572000,ComSDL,SetRoverAngle,-0.449000,40
263.591000,MagAvg,5,5.889000
264.663000,ComSDL,GoStraight,-0.449000,17999
287.662000,Gps,102811,35.717886,139.760513,39.300000
288.586000,Gps,102839,35.717994,139.760433,39.300000
289.587000,Gps,102840,35.717994,139.760433,39.300000
290.584000,Gps,102841,35.717994,139.760433,39.300000
291.203000,MagAvg,5,5.992000
291.537000,ComSDL,SetRoverAngle,-0.324000,40
291.924000,MagAvg,5,5.987000
292.995000,ComSDL,GoStraight,-0.324000,14711
320.663000,Gps,102841,35.717994,139.760433,39.300000
321.568000,Gps,102912,35.718066,139.760378,39.300000
322.568000,Gps,102913,35.718066,139.760378,39.300000
323.569000,Gps,102914,35.718066,139.760378,39.300000
324.184000,MagAvg,5,0.317000
324.515000,ComSDL,SetRoverAngle,0.799000,40
326.532000,MagAvg,5,0.737000
327.599000,ComSDL,GoStraight,0.799000,3599
2.136000,Sta,Switch ON!
2.150000,Sta,Initialize SD OK!
2.165000,Sta,Initialize Moter OK!
16.256000,MagCal,218500,224500,1094,7,xMaxs,180,171,170,169,167,165,165,163,163,163,xMins,-599,-600,-601,-602,-602,-602,-602,-604,-611,-759,yMaxs,130,130,129,127,127,126,125,125,123,119,yMins,-571,-571,-574,-575,-575,-575,-576,-576,-576,-581
16.608000,Sta,Initialize Magnet OK!
18.887000,Sta,Initialize GPS OK!
18.908000,Sta,Initialization Finish!
30.353000,Sta,Open Casing.
31.368000,Sta,FET1 ON
38.382000,Sta,FET1 OFF
39.400000,Sta,FET2 ON
46.417000,Sta,FET1 OFF
52.202000,ComSDL,GoStraight,-1.338000,3600
57.947000,Gps,103500,35.717581,139.760623,39.300000
58.895000,Gps,103540,35.717529,139.760501,39.300000
59.896000,Gps,103541,35.717529,139.760501,39.300000
60.874000,Gps,103542,35.717529,139.760501,39.300000
61.874000,Gps,103543,35.717529,139.760501,39.300000
62.872000,Gps,103544,35.717529,139.760501,39.300000
63.370000,ComSDL,SetRoverAngle,0.232000,40
70.748000,ComSDL,GoStraight,0.232000,3600
78.411000,ComSD,RunUpNearGoal,2.000000
78.944000,Gps,103544,35.717529,139.760501,39.300000
79.870000,Gps,103601,35.717554,139.760498,39.300000
80.870000,Gps,103602,35.717554,139.760498,39.300000
81.868000,Gps,103603,35.717554,139.760498,39.300000
82.411000,MagAvg,5,0.430000
82.702000,ComSDL,SetRoverAngle,-0.138000,40
85.445000,MagAvg,5,6.234000
86.472000,ComSDL,GoStraight,-0.138000,12000
110.927000,Gps,103603,35.717554,139.760498,39.300000
111.854000,Gps,103633,35.717652,139.760461,39.300000
112.879000,Gps,103634,35.717652,139.760461,39.300000
113.879000,Gps,103635,35.717652,139.760461,39.300000
114.422000,MagAvg,5,0.250000
114.713000,ComSDL,SetRoverAngle,-0.085000,40
116.649000,MagAvg,5,6.144000
117.718000,ComSDL,GoStraight,-0.085000,12000
133.919000,Gps,103635,35.717652,139.760461,39.300000
134.845000,Gps,103656,35.717681,139.760491,39.300000
135.845000,Gps,103657,35.717681,139.760491,39.300000
136.845000,Gps,103658,35.717681,139.760491,39.300000
138.449000,Sta,Stuck.
156.876000,MagAvg,5,1.327000
157.208000,ComSDL,SetRoverAngle,-0.179000,40
166.580000,MagAvg,5,6.211000
167.644000,ComSDL,GoStraight,-0.179000,12000
183.905000,Gps,103658,35.717681,139.760491,39.300000
184.830000,Gps,103746,35.717736,139.760476,39.300000
185.831000,Gps,103747,35.717736,139.760476,39.300000
186.830000,Gps,103748,35.717736,139.760476,39.300000
187.442000,MagAvg,5,0.155000
187.770000,ComSDL,SetRoverAngle,-0.170000,40
189.780000,MagAvg,5,6.097000
190.848000,ComSDL,GoStraight,-0.170000,12000
206.864000,Gps,103748,35.717736,139.760476,39.300000
207.822000,Gps,103809,35.717819,139.760433,39.300000
208.823000,Gps,103810,35.717819,139.760433,39.300000
209.823000,Gps,103811,35.717819,139.760433,39.300000
210.435000,MagAvg,5,0.375000
210.766000,ComSDL,SetRoverAngle,-0.028000,40
212.783000,MagAvg,5,0.082000
213.847000,ComSDL,GoStraight,-0.028000,12000
230.888000,Gps,103811,35.717819,139.760433,39.300000
231.812000,Gps,103833,35.717907,139.760425,39.300000
232.811000,Gps,103834,35.717907,139.760425,39.300000
233.810000,Gps,103835,35.717907,139.760425,39.300000
234.406000,MagAvg,5,0.522000
234.734000,ComSDL,SetRoverAngle,0.043000,40
237.564000,MagAvg,5,0.036000
238.624000,ComSDL,GoStraight,0.043000,5990
256.903000,Gps,103835,35.717907,139.760425,39.300000
257.828000,Gps,103859,35.717951,139.760423,39.300000
258.803000,Gps,103900,35.717951,139.760423,39.300000
259.816000,Gps,103901,35.717951,139.760423,39.300000
260.200000,Sta,break RunUpNearGoal()
270.309000,Sta,GOAL!!!!!
7105.636000,Sta,Switch ON!
105.704000,Sta,Initialize SD OK!
105.793000,Sta,Initialize Moter OK!
119.977000,MagCal,251000,204000,1014,16,xMaxs,174,170,115,108,108,108,107,105,105,105,xMins,-604,-606,-606,-608,-608,-610,-615,-615,-619,-619,yMaxs,161,161,155,151,150,150,149,147,139,138,yMins,-542,-544,-546,-549,-549,-558,-558,-559,-561,-567
134.905000,MagCal,211500,208500,1131,32,xMaxs,231,210,192,192,192,183,175,156,151,151,xMins,-601,-601,-602,-606,-606,-606,-616,-621,-621,-621,yMaxs,148,143,143,140,140,140,138,138,138,138,yMins,-535,-536,-539,-546,-555,-557,-557,-562,-562,-562
149.822000,MagCal,225000,201000,1128,30,xMaxs,195,168,168,166,166,153,136,131,131,129,xMins,-573,-587,-598,-603,-603,-603,-607,-608,-610,-610,yMaxs,149,138,135,135,135,134,133,133,127,127,yMins,-529,-531,-532,-533,-536,-536,-537,-537,-537,-538
164.737000,MagCal,259000,201000,1057,7,xMaxs,113,113,103,101,93,93,93,93,93,92,xMins,-608,-610,-610,-611,-611,-611,-612,-612,-612,-619,yMaxs,142,142,142,133,132,132,132,131,129,128,yMins,-527,-527,-527,-527,-527,-534,-535,-536,-540,-540
165.540000,Sta,Initialize Magnet OK!
167.712000,Sta,Initialize GPS OK!
167.811000,Sta,Initialization Finish!
7137.589000,Sta,=========================
137.627000,Sta,=========================
137.675000,Sta,Switch ON!
137.806000,Sta,Initialize SD OK!
137.895000,Sta,Initialize Moter OK!
152.069000,MagCal,105000,213000,1318,15,xMaxs,347,336,336,331,330,326,322,315,311,311,xMins,-530,-532,-532,-534,-536,-536,-547,-553,-553,-560,yMaxs,144,141,121,120,114,114,109,109,104,104,yMins,-527,-531,-532,-534,-539,-540,-544,-545,-549,-549
167.000000,MagCal,111500,209000,1280,25,xMaxs,329,329,329,327,325,325,325,320,320,320,xMins,-532,-532,-538,-538,-538,-548,-549,-560,-563,-607,yMaxs,152,143,138,133,133,132,132,125,115,107,yMins,-535,-535,-539,-539,-545,-550,-557,-563,-563,-564
181.906000,MagCal,58000,205500,1386,40,xMaxs,499,419,411,411,411,396,370,370,357,356,xMins,-504,-504,-507,-507,-509,-512,-513,-514,-530,-532,yMaxs,142,139,129,125,124,122,115,113,105,105,yMins,-520,-522,-528,-529,-529,-533,-534,-535,-540,-580
196.848000,MagCal,98500,209500,1254,14,xMaxs,349,347,347,343,333,331,331,329,328,328,xMins,-521,-521,-524,-527,-527,-528,-528,-535,-535,-535,yMaxs,167,167,134,134,134,133,132,130,129,127,yMins,-538,-549,-549,-550,-550,-552,-560,-562,-562,-562
197.692000,Sta,Initialize Magnet OK!
200.060000,Sta,Initialize GPS OK!
200.160000,Sta,Initialization Finish!
455.054000,Sta,Open Casing.
456.129000,Sta,FET2 OFF
462.457000,ComSDL,GoStraight,0.876000,3600
468.013000,Gps,23237,35.789413,139.717404,39.300000
468.965000,Gps,23706,35.789133,139.717151,39.300000
469.963000,Gps,23707,35.789133,139.717151,39.300000
470.941000,Gps,23708,35.789133,139.717151,39.300000
471.963000,Gps,23709,35.789133,139.717151,39.300000
472.963000,Gps,23710,35.789133,139.717151,39.300000
473.510000,ComSDL,SetRoverAngle,-0.693000,40
477.712000,ComSDL,GoStraight,-0.693000,3600
485.286000,ComSD,RunUpNearGoal,2.000000
485.999000,Gps,23710,35.789133,139.717151,39.300000
486.926000,Gps,23724,35.789119,139.717124,39.300000
487.951000,Gps,23724,35.789138,139.717126,39.300000
488.928000,Gps,23726,35.789153,139.717121,39.300000
489.539000,MagAvg,5,4.876000
489.871000,ComSDL,SetRoverAngle,0.041000,40
522.931000,MagAvg,5,4.876000
523.998000,ComSDL,GoStraight,0.041000,12000
718.011000,Sta,=========================
18.015000,Sta,=========================
18.030000,Sta,Switch ON!
18.108000,Sta,Initialize SD OK!
18.122000,Sta,Initialize Moter OK!
32.214000,MagCal,116500,168500,1076,13,xMaxs,265,260,260,254,252,251,251,251,250,250,xMins,-476,-480,-480,-480,-482,-484,-486,-486,-487,-492,yMaxs,239,174,174,174,174,173,171,170,169,169,yMins,-497,-498,-500,-501,-507,-510,-515,-518,-519,-546
46.665000,MagCal,121500,167000,1074,12,xMaxs,274,270,261,257,250,248,245,245,244,243,xMins,-479,-480,-483,-484,-486,-491,-498,-498,-500,-500,yMaxs,179,179,179,178,178,177,176,176,176,170,yMins,-504,-504,-504,-506,-506,-511,-512,-520,-533,-534
61.130000,MagCal,117000,165500,1118,8,xMaxs,279,279,279,279,275,274,274,274,270,266,xMins,-507,-507,-507,-507,-508,-508,-508,-510,-512,-512,yMaxs,197,191,191,187,187,184,183,183,183,183,yMins,-511,-511,-511,-513,-515,-515,-515,-520,-545,-552
61.583000,Sta,Initialize Magnet OK!
63.874000,Sta,Initialize GPS OK!
63.969000,Sta,Initialization Finish!
76.580000,Sta,Open Casing.
77.651000,Sta,FET2 OFF
83.976000,ComSDL,GoStraight,-0.227000,3600
88.939000,Gps,25922,35.789031,139.717166,39.300000
89.864000,Gps,25948,35.789141,139.717111,39.300000
90.864000,Gps,25949,35.789143,139.717112,39.300000
91.865000,Gps,25950,35.789146,139.717114,39.300000
92.864000,Gps,25951,35.789146,139.717117,39.300000
93.864000,Gps,25952,35.789146,139.717119,39.300000
94.418000,ComSDL,SetRoverAngle,1.343000,40
96.208000,ComSDL,GoStraight,1.343000,3600
103.774000,ComSD,RunUpNearGoal,2.000000
104.968000,Gps,25952,35.789146,139.717119,39.300000
105.889000,Gps,30004,35.789163,139.717137,39.300000
106.889000,Gps,30005,35.789168,139.717136,39.300000
107.889000,Gps,30006,35.789166,139.717134,39.300000
108.490000,MagAvg,5,1.034000
108.824000,ComSDL,SetRoverAngle,0.027000,40
115.094000,MagAvg,5,6.120000
116.158000,ComSDL,GoStraight,0.027000,12000
140.422000,Gps,30006,35.789166,139.717134,39.300000
141.340000,Gps,30040,35.789276,139.717052,39.300000
142.340000,Gps,30041,35.789278,139.717052,39.300000
143.339000,Gps,30042,35.789278,139.717052,39.300000
143.946000,MagAvg,5,0.969000
144.278000,ComSDL,SetRoverAngle,0.139000,40
147.183000,MagAvg,5,0.277000
148.247000,ComSDL,GoStraight,0.139000,12000
64.438000,Gps,30042,35.789278,139.717052,39.300000
165.331000,Gps,30104,35.789351,139.717046,39.300000
166.365000,Gps,30105,35.789351,139.717046,39.300000
167.329000,Gps,30106,35.789351,139.717046,39.300000
167.933000,MagAvg,5,0.612000
168.262000,ComSDL,SetRoverAngle,0.166000,40
169.483000,MagAvg,5,6.105000
170.554000,ComSDL,GoStraight,0.166000,12000
187.414000,Gps,30106,35.789351,139.717046,39.300000
188.321000,Gps,30127,35.789418,139.717042,39.300000
189.321000,Gps,30128,35.789418,139.717042,39.300000
190.322000,Gps,30129,35.789418,139.717042,39.300000
190.918000,MagAvg,5,0.150000
191.250000,ComSDL,SetRoverAngle,0.195000,40
191.629000,MagAvg,5,0.155000
192.690000,ComSDL,GoStraight,0.195000,12000
209.422000,Gps,30129,35.789418,139.717042,39.300000
210.316000,Gps,30149,35.789418,139.717042,39.300000
211.348000,Gps,30150,35.789418,139.717042,39.300000
212.347000,Gps,30151,35.789418,139.717042,39.300000
213.951000,Sta,Stuck.
235.375000,MagAvg,5,2.349000
235.707000,ComSDL,SetRoverAngle,0.195000,40
239.457000,MagAvg,5,0.038000
240.514000,ComSDL,GoStraight,0.195000,12000
257.398000,Gps,30151,35.789418,139.717042,39.300000
258.323000,Gps,30237,35.789533,139.717102,39.300000
259.324000,Gps,30238,35.789533,139.717102,39.300000
260.323000,Gps,30239,35.789533,139.717102,39.300000
260.911000,MagAvg,5,0.786000
261.242000,ComSDL,SetRoverAngle,0.126000,40
264.140000,MagAvg,5,0.342000
265.207000,ComSDL,GoStraight,0.126000,12000
289.350000,Gps,30239,35.789533,139.717102,39.300000
290.275000,Gps,30309,35.789611,139.717072,39.300000
291.274000,Gps,30310,35.789611,139.717072,39.300000
292.275000,Gps,30311,35.789611,139.717072,39.300000
292.884000,MagAvg,5,1.917000
293.209000,ComSDL,SetRoverAngle,0.241000,40
296.111000,MagAvg,5,0.037000
297.167000,ComSDL,GoStraight,0.241000,12000
313.378000,Gps,30311,35.789611,139.717072,39.300000
314.255000,Gps,30333,35.789611,139.717072,39.300000
315.288000,Gps,30334,35.789611,139.717072,39.300000
316.288000,Gps,30335,35.789611,139.717072,39.300000
317.894000,Sta,Stuck.
342.478000,MagAvg,5,2.030000
342.813000,ComSDL,SetRoverAngle,0.241000,40
346.554000,MagAvg,5,0.121000
347.617000,ComSDL,GoStraight,0.241000,12000
364.310000,Gps,30335,35.789611,139.717072,39.300000
365.237000,Gps,30424,35.789739,139.717119,39.300000
366.270000,Gps,30425,35.789739,139.717119,39.300000
367.267000,Gps,30426,35.789739,139.717119,39.300000
367.878000,MagAvg,5,0.299000
368.205000,ComSDL,SetRoverAngle,0.202000,40
368.581000,MagAvg,5,0.300000
369.645000,ComSDL,GoStraight,0.202000,12000
386.300000,Gps,30426,35.789739,139.717119,39.300000
387.226000,Gps,30446,35.789774,139.717111,39.300000
388.227000,Gps,30447,35.789774,139.717111,39.300000
389.224000,Gps,30448,35.789774,139.717111,39.300000
390.832000,Sta,Stuck.
412.253000,MagAvg,5,3.105000
412.588000,ComSDL,SetRoverAngle,0.306000,40
417.180000,MagAvg,5,0.255000
418.237000,ComSDL,GoStraight,0.306000,12000
435.273000,Gps,30448,35.789774,139.717111,39.300000
436.198000,Gps,30535,35.789834,139.717112,39.300000
437.198000,Gps,30536,35.789834,139.717112,39.300000
438.198000,Gps,30537,35.789834,139.717112,39.300000
438.802000,MagAvg,5,0.623000
439.133000,ComSDL,SetRoverAngle,0.544000,40
439.512000,MagAvg,5,0.623000
440.572000,ComSDL,GoStraight,0.544000,7869
61.293000,Gps,30537,35.789834,139.717112,39.300000
462.185000,Gps,30601,35.789896,139.717126,39.300000
463.184000,Gps,30602,35.789896,139.717126,39.300000
464.217000,Gps,30603,35.789896,139.717126,39.300000
464.824000,MagAvg,5,6.271000
465.156000,ComSDL,SetRoverAngle,1.533000,40
468.047000,MagAvg,5,1.511000
469.111000,ComSDL,GoStraight,1.533000,2862
476.252000,Gps,30603,35.789896,139.717126,39.300000
477.179000,Gps,30616,35.789883,139.717197,39.300000
478.179000,Gps,30617,35.789883,139.717197,39.300000
479.212000,Gps,30618,35.789883,139.717197,39.300000
479.821000,MagAvg,5,1.333000
480.156000,ComSDL,SetRoverAngle,-1.144000,40
488.117000,MagAvg,5,4.895000
489.187000,ComSDL,GoStraight,-1.144000,3617
97.241000,Gps,30618,35.789883,139.717197,39.300000
498.166000,Gps,30637,35.789883,139.717197,39.300000
499.167000,Gps,30638,35.789883,139.717197,39.300000
500.164000,Gps,30639,35.789883,139.717197,39.300000
500.773000,MagAvg,5,0.146000
501.098000,ComSDL,SetRoverAngle,-1.144000,40
504.852000,MagAvg,5,5.491000
505.916000,ComSDL,GoStraight,-1.144000,3617
514.232000,Gps,30639,35.789883,139.717197,39.300000
515.191000,Gps,30654,35.789883,139.717197,39.300000
516.186000,Gps,30655,35.789883,139.717197,39.300000
517.158000,Gps,30656,35.789883,139.717197,39.300000
517.755000,MagAvg,5,5.218000
518.086000,ComSDL,SetRoverAngle,-1.144000,40
518.472000,MagAvg,5,5.223000
519.543000,ComSDL,GoStraight,-1.144000,3617
527.225000,Gps,30656,35.789883,139.717197,39.300000
528.151000,Gps,30707,35.789883,139.717197,39.300000
529.152000,Gps,30708,35.789883,139.717197,39.300000
530.185000,Gps,30709,35.789883,139.717197,39.300000
530.784000,MagAvg,5,0.203000
531.102000,ComSDL,SetRoverAngle,-1.144000,40
534.852000,MagAvg,5,5.008000
535.913000,ComSDL,GoStraight,-1.144000,3617
552.217000,Gps,30709,35.789883,139.717197,39.300000
553.147000,Gps,30732,35.789864,139.717156,39.300000
554.145000,Gps,30733,35.789864,139.717156,39.300000
555.145000,Gps,30734,35.789864,139.717156,39.300000
555.744000,MagAvg,5,4.359000
556.075000,ComSDL,SetRoverAngle,0.073000,40
559.822000,MagAvg,5,0.379000
560.882000,ComSDL,GoStraight,0.073000,3536
569.211000,Gps,30734,35.789864,139.717156,39.300000
570.170000,Gps,30749,35.789864,139.717156,39.300000
571.134000,Gps,30750,35.789864,139.717156,39.300000
572.133000,Gps,30751,35.789864,139.717156,39.300000
572.735000,MagAvg,5,0.534000
573.066000,ComSDL,SetRoverAngle,0.073000,40
574.284000,MagAvg,5,6.165000
575.354000,ComSDL,GoStraight,0.073000,3536
583.207000,Gps,30751,35.789864,139.717156,39.300000
584.133000,Gps,30803,35.789864,139.717156,39.300000
585.167000,Gps,30804,35.789864,139.717156,39.300000
586.132000,Gps,30805,35.789864,139.717156,39.300000
586.728000,MagAvg,5,1.362000
587.060000,ComSDL,SetRoverAngle,0.073000,40
592.487000,MagAvg,5,6.190000
593.557000,ComSDL,GoStraight,0.073000,3536
601.180000,Gps,30805,35.789864,139.717156,39.300000
602.125000,Gps,30821,35.789864,139.717156,39.300000
602.265000,Gps,30821,35.789864,139.717156,39.300000
603.124000,Gps,30822,35.789864,139.717156,39.300000
604.123000,Gps,30823,35.789864,139.717156,39.300000
604.725000,MagAvg,5,0.392000
605.053000,ComSDL,SetRoverAngle,0.073000,40
606.264000,MagAvg,5,6.219000
607.328000,ComSDL,GoStraight,0.073000,3536
615.190000,Gps,30823,35.789864,139.717156,39.300000
616.150000,Gps,30835,35.789864,139.717156,39.300000
617.149000,Gps,30836,35.789864,139.717156,39.300000
618.115000,Gps,30837,35.789864,139.717156,39.300000
618.706000,MagAvg,5,0.223000
619.038000,ComSDL,SetRoverAngle,0.073000,40
619.410000,MagAvg,5,0.217000
620.474000,ComSDL,GoStraight,0.073000,3536
4.001000,Sta,=========================
4.013000,Sta,=========================
4.027000,Sta,Switch ON!
4.103000,Sta,Initialize SD OK!
4.117000,Sta,Initialize Moter OK!
18.208000,MagCal,138500,144500,1118,8,xMaxs,261,261,249,248,248,248,248,246,246,246,xMins,-517,-517,-520,-524,-524,-525,-525,-525,-526,-528,yMaxs,209,203,203,202,201,201,200,193,193,193,yMins,-486,-487,-487,-488,-488,-490,-492,-492,-494,-494
19.019000,Sta,Initialize Magnet OK!
22.016000,Sta,Initialize GPS OK!
22.111000,Sta,Initialization Finish!
423.882000,Sta,Open Casing.
424.957000,Sta,FET1 ON
429.015000,Sta,FET1 OFF
431.076000,Sta,FET2 ON
435.137000,Sta,FET2 OFF
441.462000,ComSDL,GoStraight,0.255000,3600
446.901000,Gps,34934,35.789181,139.717356,39.300000
447.828000,Gps,35640,35.789169,139.717279,39.300000
448.828000,Gps,35641,35.789168,139.717277,39.300000
449.828000,Gps,35642,35.789168,139.717277,39.300000
450.825000,Gps,35643,35.789168,139.717277,39.300000
451.825000,Gps,35644,35.789168,139.717277,39.300000
452.387000,ComSDL,SetRoverAngle,-1.315000,40
463.120000,ComSDL,GoStraight,-1.315000,3600
470.769000,ComSD,RunUpNearGoal,2.000000
471.882000,Gps,35644,35.789168,139.717277,39.300000
472.848000,Gps,35705,35.789171,139.717229,39.300000
473.807000,Gps,35706,35.789171,139.717229,39.300000
474.847000,Gps,35707,35.789171,139.717229,39.300000
475.449000,MagAvg,5,5.678000
475.784000,ComSDL,SetRoverAngle,-0.078000,40
477.793000,MagAvg,5,6.283000
478.864000,ComSDL,GoStraight,-0.078000,12000
503.871000,Gps,35707,35.789171,139.717229,39.300000
504.796000,Gps,35737,35.789349,139.717156,39.300000
505.795000,Gps,35738,35.789346,139.717152,39.300000
506.836000,Gps,35739,35.789346,139.717152,39.300000
507.438000,MagAvg,5,1.651000
507.762000,ComSDL,SetRoverAngle,0.010000,40
512.217000,MagAvg,5,6.271000
513.244000,ComSDL,GoStraight,0.010000,12000
529.855000,Gps,35739,35.789346,139.717152,39.300000
530.766000,Gps,35803,35.789386,139.717114,39.300000
531.768000,Gps,35804,35.789386,139.717114,39.300000
532.765000,Gps,35805,35.789386,139.717114,39.300000
534.363000,Sta,Stuck.
555.782000,MagAvg,5,5.551000
556.116000,ComSDL,SetRoverAngle,0.071000,40
561.397000,MagAvg,5,0.067000
562.455000,ComSDL,GoStraight,0.071000,12000
78.878000,Gps,35805,35.789386,139.717114,39.300000
579.764000,Gps,35852,35.789384,139.716946,39.300000
580.765000,Gps,35853,35.789384,139.716946,39.300000
581.764000,Gps,35854,35.789384,139.716946,39.300000
583.354000,Sta,Stuck.
605.829000,MagAvg,5,5.282000
606.160000,ComSDL,SetRoverAngle,0.324000,40
610.628000,MagAvg,5,0.356000
611.688000,ComSDL,GoStraight,0.324000,12000
627.798000,Gps,35854,35.789384,139.716946,39.300000
628.741000,Gps,35941,35.789454,139.716919,39.300000
629.741000,Gps,35942,35.789454,139.716919,39.300000
630.740000,Gps,35943,35.789454,139.716919,39.300000
631.350000,MagAvg,5,0.345000
631.682000,ComSDL,SetRoverAngle,0.414000,40
632.064000,MagAvg,5,0.347000
633.124000,ComSDL,GoStraight,0.414000,12000
649.798000,Gps,35943,35.789454,139.716919,39.300000
650.723000,Gps,40003,35.789539,139.717039,39.300000
651.722000,Gps,40004,35.789539,139.717044,39.300000
652.724000,Gps,40005,35.789541,139.717052,39.300000
653.336000,MagAvg,5,1.216000
653.661000,ComSDL,SetRoverAngle,0.239000,40
658.124000,MagAvg,5,0.047000
659.188000,ComSDL,GoStraight,0.239000,12000
1.500000,Sta,=========================
1.511000,Sta,=========================
1.522000,Sta,Switch ON!
1.668000,Sta,Initialize SD OK!
1.683000,Sta,Initialize Moter OK!
15.774000,MagCal,152500,164500,1094,9,xMaxs,261,256,249,245,245,240,240,239,238,237,xMins,-537,-542,-542,-542,-543,-545,-545,-550,-551,-555,yMaxs,216,199,199,199,194,194,193,193,192,192,yMins,-514,-514,-516,-520,-523,-523,-526,-527,-528,-528
16.168000,Sta,Initialize Magnet OK!
18.970000,Sta,Initialize GPS OK!
18.992000,Sta,Initialization Finish!
30.509000,Sta,Open Casing.
31.584000,Sta,FET1 ON
31.641000,Sta,FET2 OFF
37.972000,ComSDL,GoStraight,0.259000,3600
43.031000,Gps,40702,35.789194,139.717109,39.300000
43.960000,Gps,40727,35.789184,139.717117,39.300000
44.958000,Gps,40728,35.789184,139.717117,39.300000
45.959000,Gps,40729,35.789184,139.717117,39.300000
46.958000,Gps,40730,35.789184,139.717117,39.300000
47.958000,Gps,40731,35.789184,139.717117,39.300000
48.512000,ComSDL,SetRoverAngle,-1.311000,40
56.798000,ComSDL,GoStraight,-1.311000,3600
64.390000,ComSD,RunUpNearGoal,2.000000
65.038000,Gps,40731,35.789184,139.717117,39.300000
65.946000,Gps,40749,35.789158,139.717112,39.300000
66.947000,Gps,40750,35.789146,139.717106,39.300000
67.947000,Gps,40751,35.789134,139.717097,39.300000
68.574000,MagAvg,5,5.069000
68.902000,ComSDL,SetRoverAngle,0.065000,40
72.543000,MagAvg,5,0.154000
73.603000,ComSDL,GoStraight,0.065000,12000
8.011000,Gps,40751,35.789134,139.717097,39.300000
98.936000,Gps,40822,35.789253,139.717077,39.300000
99.935000,Gps,40823,35.789253,139.717077,39.300000
100.932000,Gps,40824,35.789253,139.717077,39.300000
101.557000,MagAvg,5,6.279000
101.889000,ComSDL,SetRoverAngle,0.102000,40
102.264000,MagAvg,5,6.282000
103.328000,ComSDL,GoStraight,0.102000,12000
120.001000,Gps,40824,35.789253,139.717077,39.300000
120.978000,Gps,40844,35.789289,139.717086,39.300000
121.925000,Gps,40845,35.789289,139.717086,39.300000
122.925000,Gps,40846,35.789289,139.717086,39.300000
123.557000,MagAvg,5,0.345000
123.879000,ComSDL,SetRoverAngle,0.097000,40
125.072000,MagAvg,5,0.006000
126.129000,ComSDL,GoStraight,0.097000,12000
142.984000,Gps,40846,35.789289,139.717086,39.300000
143.909000,Gps,40907,35.789491,139.717044,39.300000
144.909000,Gps,40908,35.789491,139.717044,39.300000
145.910000,Gps,40909,35.789491,139.717044,39.300000
146.479000,MagAvg,5,0.163000
146.803000,ComSDL,SetRoverAngle,0.225000,40
147.182000,MagAvg,5,0.174000
148.249000,ComSDL,GoStraight,0.225000,12000
64.988000,Gps,40909,35.789491,139.717044,39.300000
165.914000,Gps,40929,35.789644,139.717051,39.300000
166.916000,Gps,40930,35.789653,139.717052,39.300000
167.898000,Gps,40931,35.789653,139.717052,39.300000
168.527000,MagAvg,5,0.365000
168.859000,ComSDL,SetRoverAngle,0.341000,40
169.241000,MagAvg,5,0.368000
170.309000,ComSDL,GoStraight,0.341000,12000
186.962000,Gps,40931,35.789653,139.717052,39.300000
187.888000,Gps,40951,35.789699,139.717067,39.300000
188.888000,Gps,40952,35.789698,139.717069,39.300000
189.888000,Gps,40953,35.789696,139.717072,39.300000
190.510000,MagAvg,5,5.422000
190.841000,ComSDL,SetRoverAngle,0.337000,40
196.936000,MagAvg,5,0.263000
197.996000,ComSDL,GoStraight,0.337000,12000
222.950000,Gps,40953,35.789696,139.717072,39.300000
223.878000,Gps,41027,35.789716,139.717069,39.300000
224.877000,Gps,41028,35.789716,139.717069,39.300000
225.876000,Gps,41029,35.789716,139.717069,39.300000
227.513000,Sta,Stuck.
249.438000,MagAvg,5,2.921000
249.765000,ComSDL,SetRoverAngle,0.383000,40
258.304000,MagAvg,5,0.294000
259.367000,ComSDL,GoStraight,0.383000,12000
275.932000,Gps,41029,35.789716,139.717069,39.300000
276.857000,Gps,41120,35.789809,139.717162,39.300000
277.856000,Gps,41121,35.789816,139.717164,39.300000
278.855000,Gps,41122,35.789823,139.717164,39.300000
279.495000,MagAvg,5,0.874000
279.823000,ComSDL,SetRoverAngle,-0.054000,40
284.290000,MagAvg,5,6.140000
285.361000,ComSDL,GoStraight,-0.054000,7920
297.916000,Gps,41122,35.789823,139.717164,39.300000
298.842000,Gps,41142,35.789953,139.717114,39.300000
299.840000,Gps,41143,35.789953,139.717114,39.300000
300.877000,Gps,41144,35.789953,139.717114,39.300000
302.499000,Sta,Stuck.
324.424000,MagAvg,5,5.989000
324.759000,ComSDL,SetRoverAngle,2.563000,40
335.766000,MagAvg,5,2.549000
336.833000,ComSDL,GoStraight,2.563000,7143
348.899000,Gps,41144,35.789953,139.717114,39.300000
349.819000,Gps,41233,35.789906,139.717169,39.300000
350.820000,Gps,41234,35.789906,139.717169,39.300000
351.819000,Gps,41235,35.789906,139.717169,39.300000
352.204000,Sta,break RunUpNearGoal()
362.309000,Sta,GOAL!!!!!
28.017000,Sta,=========================
28.052000,Sta,=========================
28.096000,Sta,Switch ON!
28.242000,Sta,Initialize SD OK!
28.331000,Sta,Initialize Moter OK!
42.505000,MagCal,135000,150000,1117,16,xMaxs,258,250,235,235,235,226,222,219,213,210,xMins,-493,-493,-494,-494,-496,-496,-496,-497,-510,-514,yMaxs,198,186,181,176,176,173,171,170,168,167,yMins,-470,-470,-470,-470,-473,-473,-474,-492,-496,-496
57.424000,MagCal,148000,149000,1100,6,xMaxs,205,205,203,199,193,190,189,188,188,187,xMins,-482,-483,-484,-486,-486,-486,-487,-488,-488,-488,yMaxs,164,162,160,160,160,158,158,157,157,157,yMins,-450,-451,-454,-454,-456,-456,-457,-457,-460,-465
58.264000,Sta,Initialize Magnet OK!
61.179000,Sta,Initialize GPS OK!
61.275000,Sta,Initialization Finish!
32.520000,Sta,=========================
32.538000,Sta,=========================
32.557000,Sta,Switch ON!
32.702000,Sta,Initialize SD OK!
32.716000,Sta,Initialize Moter OK!
46.811000,MagCal,169500,158500,1081,15,xMaxs,330,204,201,197,191,189,189,189,187,185,xMins,-523,-523,-523,-524,-527,-528,-530,-531,-533,-537,yMaxs,185,185,183,183,173,173,173,168,167,167,yMins,-475,-475,-476,-476,-488,-490,-494,-499,-502,-507
61.307000,MagCal,163000,166500,1067,8,xMaxs,217,212,201,198,198,194,193,190,187,186,xMins,-516,-516,-516,-517,-520,-520,-535,-535,-535,-535,yMaxs,175,172,169,168,168,168,165,165,162,161,yMins,-494,-495,-495,-495,-495,-501,-501,-510,-510,-510
61.718000,Sta,Initialize Magnet OK!
64.457000,Sta,Initialize GPS OK!
64.479000,Sta,Initialization Finish!
1.500000,Sta,=========================
1.501000,Sta,=========================
1.503000,Sta,Switch ON!
1.568000,Sta,Initialize SD OK!
1.580000,Sta,Initialize Moter OK!
15.668000,MagCal,178000,144000,1054,70,xMaxs,231,230,230,221,157,150,133,126,117,93,xMins,-503,-503,-504,-506,-506,-506,-510,-511,-522,-528,yMaxs,174,174,174,172,170,167,167,167,97,97,yMins,-424,-424,-425,-425,-425,-455,-475,-499,-508,-508
30.601000,MagCal,123500,160000,1097,35,xMaxs,333,304,284,284,284,277,274,274,255,242,xMins,-510,-513,-513,-522,-524,-524,-532,-535,-535,-537,yMaxs,228,228,217,213,207,205,202,196,196,191,yMins,-507,-508,-511,-514,-515,-525,-525,-525,-527,-544
45.550000,MagCal,144000,169500,1038,29,xMaxs,268,268,238,237,232,222,222,222,214,214,xMins,-481,-506,-508,-510,-510,-510,-513,-517,-532,-532,yMaxs,217,195,185,185,184,183,182,182,181,181,yMins,-500,-503,-508,-522,-522,-522,-523,-523,-534,-534
60.493000,MagCal,316500,453500,1080,2,xMaxs,-247,-248,-249,-249,-249,-249,-250,-250,-251,-251,xMins,-382,-384,-384,-384,-384,-384,-386,-387,-388,-511,yMaxs,-385,-389,-389,-389,-390,-391,-391,-391,-391,-391,yMins,-514,-514,-515,-516,-516,-516,-518,-519,-519,-522
61.374000,Sta,Initialize Magnet OK!
64.060000,Sta,Initialize GPS OK!
64.155000,Sta,Initialization Finish!
76.017000,Sta,Open Casing.
77.088000,Sta,FET1 ON
77.143000,Sta,FET2 OFF
83.474000,ComSDL,GoStraight,-0.321000,3600
89.102000,Gps,44633,35.789151,139.717151,39.300000
90.029000,Gps,44659,35.789161,139.717112,39.300000
91.027000,Gps,44700,35.789156,139.717107,39.300000
92.024000,Gps,44701,35.789153,139.717104,39.300000
93.024000,Gps,44702,35.789153,139.717104,39.300000
94.024000,Gps,44703,35.789153,139.717104,39.300000
94.569000,ComSDL,SetRoverAngle,1.249000,40
101.210000,ComSDL,GoStraight,1.249000,3600
1.500000,Sta,=========================
1.501000,Sta,=========================
1.503000,Sta,Switch ON!
1.633000,Sta,Initialize SD OK!
1.644000,Sta,Initialize Moter OK!
15.732000,MagCal,124000,163500,1089,5,xMaxs,272,258,240,240,240,235,235,233,232,230,xMins,-479,-479,-482,-482,-482,-483,-490,-490,-491,-501,yMaxs,236,182,182,175,167,166,164,164,163,163,yMins,-489,-489,-490,-493,-493,-493,-493,-501,-501,-503
16.339000,Sta,Initialize Magnet OK!
18.848000,Sta,Initialize GPS OK!
18.944000,Sta,Initialization Finish!
8.004000,Sta,=========================
8.015000,Sta,=========================
8.030000,Sta,Switch ON!
8.173000,Sta,Initialize SD OK!
8.184000,Sta,Initialize Moter OK!
22.273000,MagCal,142000,163500,1098,7,xMaxs,238,238,228,222,222,221,219,217,217,214,xMins,-500,-502,-502,-503,-503,-505,-505,-507,-507,-507,yMaxs,177,177,170,170,169,167,167,167,164,164,yMins,-487,-488,-490,-490,-490,-494,-495,-498,-499,-503
22.634000,Sta,Initialize Magnet OK!
24.843000,Sta,Initialize GPS OK!
24.864000,Sta,Initialization Finish!
35.879000,Sta,Open Casing.
36.952000,Sta,FET1 ON
37.006000,Sta,FET2 OFF
43.330000,ComSDL,GoStraight,0.374000,3600
48.712000,Gps,45452,35.789208,139.717139,39.300000
49.638000,Gps,45517,35.789196,139.717112,39.300000
50.637000,Gps,45518,35.789188,139.717117,39.300000
51.636000,Gps,45519,35.789181,139.717121,39.300000
52.654000,Gps,45520,35.789181,139.717121,39.300000
53.652000,Gps,45521,35.789181,139.717121,39.300000
54.210000,ComSDL,SetRoverAngle,-1.196000,40
61.676000,ComSDL,GoStraight,-1.196000,3600
69.265000,ComSD,RunUpNearGoal,2.000000
69.702000,Gps,45521,35.789181,139.717121,39.300000
70.629000,Gps,45538,35.789133,139.717081,39.300000
71.645000,Gps,45539,35.789133,139.717081,39.300000
72.627000,Gps,45540,35.789133,139.717081,39.300000
73.250000,MagAvg,5,5.928000
73.575000,ComSDL,SetRoverAngle,0.082000,40
75.585000,MagAvg,5,0.194000
76.649000,ComSDL,GoStraight,0.082000,12000
101.687000,Gps,45540,35.789133,139.717081,39.300000
102.631000,Gps,45610,35.789199,139.717101,39.300000
103.628000,Gps,45611,35.789206,139.717101,39.300000
104.629000,Gps,45612,35.789214,139.717101,39.300000
105.245000,MagAvg,5,0.198000
105.567000,ComSDL,SetRoverAngle,0.068000,40
105.939000,MagAvg,5,0.201000
106.996000,ComSDL,GoStraight,0.068000,12000
123.675000,Gps,45612,35.789214,139.717101,39.300000
124.602000,Gps,45632,35.789368,139.717056,39.300000
125.600000,Gps,45633,35.789379,139.717046,39.300000
126.600000,Gps,45634,35.789386,139.717044,39.300000
127.230000,MagAvg,5,0.080000
127.558000,ComSDL,SetRoverAngle,0.180000,40
127.937000,MagAvg,5,0.071000
128.994000,ComSDL,GoStraight,0.180000,12000
145.672000,Gps,45634,35.789386,139.717044,39.300000
146.596000,Gps,45654,35.789501,139.716976,39.300000
147.596000,Gps,45655,35.789501,139.716976,39.300000
148.599000,Gps,45656,35.789501,139.716976,39.300000
149.220000,MagAvg,5,6.202000
149.548000,ComSDL,SetRoverAngle,0.358000,40
151.564000,MagAvg,5,0.261000
152.625000,ComSDL,GoStraight,0.358000,12000
168.628000,Gps,45656,35.789501,139.716976,39.300000
169.591000,Gps,51142,35.789819,139.717279,39.300000
1085.217000,Gps,51233,35.789833,139.717011,39.300000
1086.217000,Gps,51234,35.789831,139.717012,39.300000
1087.213000,Gps,51235,35.789831,139.717012,39.300000
1088.843000,Sta,Stuck.
1110.768000,MagAvg,5,3.331000
1111.100000,ComSDL,SetRoverAngle,1.065000,40
1118.842000,MagAvg,5,1.059000
1119.912000,ComSDL,GoStraight,1.065000,12000
89.649000,139717004,39300
193.561000,Gps,45741,35.789653,139.717004,39.300000
194.181000,MagAvg,5,0.294000
194.502000,ComSDL,SetRoverAngle,0.475000,40
195.698000,MagAvg,5,0.387000
196.765000,ComSDL,GoStraight,0.475000,12000
221.637000,Gps,45741,35.789653,139.717004,39.300000
222.562000,Gps,45810,35.789478,139.716856,39.300000
223.561000,Gps,45811,35.789476,139.716856,39.300000
224.578000,Gps,45812,35.789484,139.716859,39.300000
225.211000,MagAvg,5,2.227000
225.532000,ComSDL,SetRoverAngle,0.532000,40
235.719000,MagAvg,5,0.381000
236.782000,ComSDL,GoStraight,0.532000,12000
253.608000,Gps,45812,35.789484,139.716859,39.300000
254.550000,Gps,45842,35.789479,139.716876,39.300000
255.502000,Gps,45842,35.789479,139.716876,39.300000
256.500000,Gps,45842,35.789479,139.716876,39.300000
257.501000,Gps,45842,35.789479,139.716876,39.300000
258.484000,Gps,45842,35.789479,139.716876,39.300000
259.483000,Gps,45842,35.789479,139.716876,39.300000
260.483000,Gps,45842,35.789479,139.716876,39.300000
261.484000,Gps,45842,35.789479,139.716876,39.300000
262.500000,Gps,45842,35.789479,139.716876,39.300000
263.483000,Gps,45842,35.789479,139.716876,39.300000
265.127000,Sta,Stuck.
287.052000,MagAvg,5,0.182000
287.380000,ComSDL,SetRoverAngle,0.502000,40
290.210000,MagAvg,5,0.392000
291.274000,ComSDL,GoStraight,0.502000,12000
307.544000,Gps,45842,35.789479,139.716876,39.300000
308.546000,Gps,45842,35.789479,139.716876,39.300000
309.512000,Gps,45937,35.789708,139.716981,39.300000
310.512000,Gps,45938,35.789708,139.716981,39.300000
311.511000,Gps,45939,35.789708,139.716981,39.300000
312.144000,MagAvg,5,0.254000
312.475000,ComSDL,SetRoverAngle,0.652000,40
316.126000,MagAvg,5,0.511000
317.193000,ComSDL,GoStraight,0.652000,12000
333.573000,Gps,45939,35.789708,139.716981,39.300000
334.499000,Gps,50002,35.789643,139.716911,39.300000
335.498000,Gps,50003,35.789639,139.716907,39.300000
336.498000,Gps,50004,35.789636,139.716904,39.300000
337.128000,MagAvg,5,0.240000
337.460000,ComSDL,SetRoverAngle,0.670000,40
341.926000,MagAvg,5,0.561000
342.993000,ComSDL,GoStraight,0.670000,12000
359.575000,Gps,50004,35.789636,139.716904,39.300000
360.502000,Gps,50028,35.789514,139.716756,39.300000
361.504000,Gps,50029,35.789548,139.716777,39.300000
362.506000,Gps,50030,35.789568,139.716782,39.300000
363.140000,MagAvg,5,0.251000
363.464000,ComSDL,SetRoverAngle,0.748000,40
367.111000,MagAvg,5,0.642000
368.175000,ComSDL,GoStraight,0.748000,12000
392.564000,Gps,50030,35.789568,139.716782,39.300000
393.491000,Gps,50101,35.789549,139.716782,39.300000
394.489000,Gps,50102,35.789549,139.716782,39.300000
395.491000,Gps,50103,35.789549,139.716782,39.300000
397.116000,Sta,Stuck.
419.041000,MagAvg,5,0.291000
419.369000,ComSDL,SetRoverAngle,0.720000,40
422.202000,MagAvg,5,0.693000
423.263000,ComSDL,GoStraight,0.720000,12000
439.540000,Gps,50103,35.789549,139.716782,39.300000
440.466000,Gps,50148,35.789529,139.716844,39.300000
441.466000,Gps,50149,35.789539,139.716857,39.300000
442.467000,Gps,50150,35.789538,139.716862,39.300000
444.092000,Sta,Stuck.
466.014000,MagAvg,5,0.465000
466.344000,ComSDL,SetRoverAngle,0.591000,40
466.717000,MagAvg,5,0.463000
467.781000,ComSDL,GoStraight,0.591000,12000
484.540000,Gps,50150,35.789538,139.716862,39.300000
485.448000,Gps,50233,35.789518,139.716814,39.300000
486.447000,Gps,50234,35.789513,139.716807,39.300000
487.446000,Gps,50235,35.789503,139.716797,39.300000
488.082000,MagAvg,5,0.424000
488.414000,ComSDL,SetRoverAngle,0.640000,40
490.420000,MagAvg,5,0.508000
491.478000,ComSDL,GoStraight,0.640000,12000
508.529000,Gps,50235,35.789503,139.716797,39.300000
509.456000,Gps,50257,35.789499,139.716926,39.300000
510.455000,Gps,50258,35.789501,139.716939,39.300000
511.439000,Gps,50259,35.789501,139.716949,39.300000
512.046000,MagAvg,5,0.392000
512.376000,ComSDL,SetRoverAngle,0.406000,40
512.749000,MagAvg,5,0.391000
513.813000,ComSDL,GoStraight,0.406000,12000
530.505000,Gps,50259,35.789501,139.716949,39.300000
531.431000,Gps,50319,35.789438,139.716961,39.300000
532.430000,Gps,50320,35.789428,139.716951,39.300000
533.430000,Gps,50321,35.789428,139.716941,39.300000
534.042000,MagAvg,5,0.424000
534.374000,ComSDL,SetRoverAngle,0.360000,40
534.747000,MagAvg,5,0.423000
535.814000,ComSDL,GoStraight,0.360000,12000
560.512000,Gps,50321,35.789428,139.716941,39.300000
561.438000,Gps,50349,35.789469,139.716886,39.300000
562.422000,Gps,50350,35.789469,139.716886,39.300000
563.421000,Gps,50351,35.789469,139.716886,39.300000
565.043000,Sta,Stuck.
586.964000,MagAvg,5,0.217000
587.289000,ComSDL,SetRoverAngle,0.477000,40
595.830000,MagAvg,5,0.467000
596.898000,ComSDL,GoStraight,0.477000,12000
613.472000,Gps,50351,35.789469,139.716886,39.300000
614.398000,Gps,50442,35.789576,139.716954,39.300000
615.398000,Gps,50443,35.789571,139.716957,39.300000
616.399000,Gps,50444,35.789571,139.716957,39.300000
617.029000,MagAvg,5,0.171000
617.357000,ComSDL,SetRoverAngle,0.465000,40
620.184000,MagAvg,5,0.328000
621.248000,ComSDL,GoStraight,0.465000,12000
637.477000,Gps,50444,35.789571,139.716957,39.300000
638.387000,Gps,50506,35.789343,139.716902,39.300000
639.386000,Gps,50507,35.789348,139.716906,39.300000
640.386000,Gps,50508,35.789351,139.716907,39.300000
641.016000,MagAvg,5,0.012000
641.344000,ComSDL,SetRoverAngle,0.358000,40
644.992000,MagAvg,5,0.281000
646.059000,ComSDL,GoStraight,0.358000,12000
662.451000,Gps,50508,35.789351,139.716907,39.300000
663.393000,Gps,50531,35.789321,139.716889,39.300000
664.374000,Gps,50532,35.789321,139.716889,39.300000
665.373000,Gps,50533,35.789323,139.716871,39.300000
665.996000,MagAvg,5,0.054000
666.313000,ComSDL,SetRoverAngle,0.386000,40
669.140000,MagAvg,5,0.319000
670.200000,ComSDL,GoStraight,0.386000,12000
686.452000,Gps,50533,35.789323,139.716871,39.300000
687.377000,Gps,50555,35.789546,139.717029,39.300000
688.398000,Gps,50556,35.789546,139.717029,39.300000
689.377000,Gps,50557,35.789546,139.717029,39.300000
690.011000,MagAvg,5,0.272000
690.342000,ComSDL,SetRoverAngle,0.291000,40
690.724000,MagAvg,5,0.269000
691.791000,ComSDL,GoStraight,0.291000,12000
716.437000,Gps,50557,35.789546,139.717029,39.300000
717.364000,Gps,50625,35.789643,139.717119,39.300000
718.363000,Gps,50626,35.789643,139.717119,39.300000
719.363000,Gps,50627,35.789643,139.717119,39.300000
719.997000,MagAvg,5,6.128000
720.329000,ComSDL,SetRoverAngle,0.127000,40
721.522000,MagAvg,5,0.217000
722.589000,ComSDL,GoStraight,0.127000,12000
739.430000,Gps,50627,35.789643,139.717119,39.300000
740.376000,Gps,50648,35.789788,139.717169,39.300000
741.355000,Gps,50649,35.789799,139.717172,39.300000
742.355000,Gps,50650,35.789808,139.717174,39.300000
742.991000,MagAvg,5,0.235000
743.319000,ComSDL,SetRoverAngle,-0.135000,40
745.339000,MagAvg,5,6.208000
746.406000,ComSDL,GoStraight,-0.135000,9599
760.424000,Gps,50650,35.789808,139.717174,39.300000
761.348000,Gps,50709,35.789886,139.717099,39.300000
762.368000,Gps,50710,35.789886,139.717099,39.300000
763.367000,Gps,50711,35.789886,139.717099,39.300000
763.974000,MagAvg,5,5.752000
764.303000,ComSDL,SetRoverAngle,1.348000,40
781.014000,MagAvg,5,1.230000
782.085000,ComSDL,GoStraight,1.348000,5332
792.404000,Gps,50711,35.789886,139.717099,39.300000
793.327000,Gps,50741,35.789886,139.717099,39.300000
794.328000,Gps,50742,35.789886,139.717099,39.300000
795.327000,Gps,50743,35.789886,139.717099,39.300000
795.931000,MagAvg,5,2.021000
796.260000,ComSDL,SetRoverAngle,1.348000,40
801.548000,MagAvg,5,1.464000
802.615000,ComSDL,GoStraight,1.348000,5332
812.420000,Gps,50743,35.789886,139.717099,39.300000
813.348000,Gps,50801,35.789886,139.717099,39.300000
814.329000,Gps,50802,35.789886,139.717099,39.300000
815.348000,Gps,50803,35.789886,139.717099,39.300000
815.942000,MagAvg,5,2.292000
816.268000,ComSDL,SetRoverAngle,1.348000,40
821.549000,MagAvg,5,1.394000
822.616000,ComSDL,GoStraight,1.348000,5332
840.392000,Gps,50803,35.789886,139.717099,39.300000
841.339000,Gps,50829,35.789886,139.717099,39.300000
842.317000,Gps,50830,35.789886,139.717099,39.300000
843.316000,Gps,50831,35.789886,139.717099,39.300000
843.911000,MagAvg,5,0.248000
844.235000,ComSDL,SetRoverAngle,1.348000,40
848.702000,MagAvg,5,1.175000
849.773000,ComSDL,GoStraight,1.348000,5332
859.380000,Gps,50831,35.789886,139.717099,39.300000
860.306000,Gps,50848,35.789804,139.717121,39.300000
861.327000,Gps,50849,35.789804,139.717121,39.300000
862.327000,Gps,50850,35.789804,139.717121,39.300000
862.963000,MagAvg,5,1.795000
863.298000,ComSDL,SetRoverAngle,0.320000,40
868.575000,MagAvg,5,0.244000
869.636000,ComSDL,GoStraight,0.320000,10470
899.367000,Gps,50915,35.789844,139.717159,39.300000
900.293000,Gps,50928,35.789863,139.717221,39.300000
901.294000,Gps,50929,35.789863,139.717221,39.300000
902.294000,Gps,50930,35.789863,139.717221,39.300000
902.893000,MagAvg,5,0.117000
903.225000,ComSDL,SetRoverAngle,-0.976000,40
913.408000,MagAvg,5,5.435000
914.471000,ComSDL,GoStraight,-0.976000,6487
925.359000,Gps,50930,35.789863,139.717221,39.300000
926.283000,Gps,50954,35.789863,139.717221,39.300000
927.283000,Gps,50955,35.789863,139.717221,39.300000
928.305000,Gps,50956,35.789863,139.717221,39.300000
928.908000,MagAvg,5,5.804000
929.243000,ComSDL,SetRoverAngle,-0.976000,40
962.306000,MagAvg,5,5.595000
963.376000,ComSDL,GoStraight,-0.976000,6487
982.358000,Gps,50956,35.789863,139.717221,39.300000
983.262000,Gps,51051,35.789819,139.717279,39.300000
984.260000,Gps,51052,35.789819,139.717279,39.300000
985.281000,Gps,51053,35.789819,139.717279,39.300000
985.916000,MagAvg,5,2.943000
986.251000,ComSDL,SetRoverAngle,-0.895000,40
1013.596000,MagAvg,5,5.461000
1014.663000,ComSDL,GoStraight,-0.895000,12000
1031.312000,Gps,51053,35.789819,139.717279,39.300000
1032.261000,Gps,51140,35.789819,139.717279,39.300000
1033.264000,Gps,51141,35.789819,139.717279,39.300000
1034.242000,Gps,51142,35.789819,139.717279,39.300000
1035.869000,Sta,Stuck.
1057.800000,MagAvg,5,3.624000
1058.138000,ComSDL,SetRoverAngle,-0.895000,40
1066.691000,MagAvg,5,5.262000
1067.762000,ComSDL,GoStraight,-0.895000,12000
1136.266000,Gps,51235,35.789831,139.717012,39.300000
1137.191000,Gps,51325,35.789844,139.717101,39.300000
1138.194000,Gps,51326,35.789844,139.717101,39.300000
1139.193000,Gps,51327,35.789844,139.717101,39.300000
1139.792000,MagAvg,5,1.765000
1140.127000,ComSDL,SetRoverAngle,0.725000,40
1147.039000,MagAvg,5,0.877000
1148.109000,ComSDL,GoStraight,0.725000,7573
1160.260000,Gps,51327,35.789844,139.717101,39.300000
1161.186000,Gps,51349,35.789854,139.717171,39.300000
1162.186000,Gps,51350,35.789854,139.717171,39.300000
1163.185000,Gps,51351,35.789854,139.717171,39.300000
1163.786000,MagAvg,5,1.192000
1164.107000,ComSDL,SetRoverAngle,-0.222000,40
1171.849000,MagAvg,5,6.143000
1172.913000,ComSDL,GoStraight,-0.222000,4711
1190.249000,Gps,51351,35.789854,139.717171,39.300000
1191.176000,Gps,51419,35.789954,139.717194,39.300000
1192.175000,Gps,51420,35.789954,139.717194,39.300000
1193.170000,Gps,51421,35.789954,139.717194,39.300000
1193.779000,MagAvg,5,5.784000
1194.110000,ComSDL,SetRoverAngle,-2.679000,40
1205.942000,MagAvg,5,3.685000
1207.006000,ComSDL,GoStraight,-2.679000,6805
1218.256000,Gps,51421,35.789954,139.717194,39.300000
1219.183000,Gps,51447,35.789909,139.717137,39.300000
1220.183000,Gps,51448,35.789909,139.717137,39.300000
1221.163000,Gps,51449,35.789909,139.717137,39.300000
1221.763000,MagAvg,5,3.732000
1222.098000,ComSDL,SetRoverAngle,2.162000,40
1230.651000,MagAvg,5,2.271000
1231.721000,ComSDL,GoStraight,2.162000,2400
54.858000,Sta,Open Casing.
55.930000,Sta,FET1 ON
55.977000,Sta,FET2 OFF
62.309000,ComSDL,GoStraight,0.167000,3600
67.008000,Gps,52100,35.789269,139.717042,39.300000
67.972000,Gps,52100,35.789269,139.717042,39.300000
68.971000,Gps,52100,35.789269,139.717042,39.300000
69.987000,Gps,52100,35.789269,139.717042,39.300000
70.969000,Gps,52100,35.789269,139.717042,39.300000
71.969000,Gps,52100,35.789269,139.717042,39.300000
72.968000,Gps,52100,35.789269,139.717042,39.300000
73.966000,Gps,52100,35.789269,139.717042,39.300000
74.964000,Gps,52100,35.789269,139.717042,39.300000
75.965000,Gps,52100,35.789269,139.717042,39.300000
76.964000,Gps,52100,35.789269,139.717042,39.300000
77.966000,Gps,52100,35.789269,139.717042,39.300000
78.965000,Gps,52100,35.789269,139.717042,39.300000
79.964000,Gps,52100,35.789269,139.717042,39.300000
80.964000,Gps,52100,35.789269,139.717042,39.300000
81.965000,Gps,52100,35.789269,139.717042,39.300000
82.537000,ComSDL,SetRoverAngle,-1.403000,40
115.333000,ComSDL,GoStraight,-1.403000,3600
123.359000,ComSD,RunUpNearGoal,2.000000
123.487000,Gps,52100,35.789269,139.717042,39.300000
124.029000,Gps,52100,35.789269,139.717042,39.300000
125.004000,Gps,52222,35.789324,139.716832,39.300000
126.006000,Gps,52223,35.789324,139.716832,39.300000
127.003000,Gps,52224,35.789324,139.716832,39.300000
127.620000,MagAvg,5,0.443000
127.948000,ComSDL,SetRoverAngle,0.433000,40
128.327000,MagAvg,5,0.439000
129.388000,ComSDL,GoStraight,0.433000,12000
48.647000,Sta,Open Casing.
49.718000,Sta,FET1 ON
49.772000,Sta,FET2 OFF
56.100000,ComSDL,GoStraight,-0.867000,3600
60.869000,Gps,52343,35.789358,139.717106,39.300000
61.838000,Gps,52408,35.789346,139.717096,39.300000
62.823000,Gps,52409,35.789346,139.717096,39.300000
63.839000,Gps,52410,35.789346,139.717096,39.300000
64.837000,Gps,52411,35.789346,139.717096,39.300000
65.772000,Gps,52411,35.789346,139.717096,39.300000
66.831000,Gps,52413,35.789396,139.717061,39.300000
67.392000,ComSDL,SetRoverAngle,0.703000,40
68.315000,ComSDL,GoStraight,0.703000,3600
75.955000,ComSD,RunUpNearGoal,2.000000
76.907000,Gps,52413,35.789396,139.717061,39.300000
77.833000,Gps,52424,35.789281,139.716861,39.300000
78.832000,Gps,52425,35.789281,139.716861,39.300000
79.830000,Gps,52426,35.789281,139.716861,39.300000
80.459000,MagAvg,5,0.985000
80.784000,ComSDL,SetRoverAngle,0.373000,40
95.866000,MagAvg,5,0.672000
96.930000,ComSDL,GoStraight,0.373000,12000
failed to convert....
2.015000,Sta,=========================
2.026000,Sta,Switch ON!
2.169000,Sta,Initialize SD OK!
2.184000,Sta,Initialize Moter OK!
16.275000,MagCal,131500,164500,1130,6,xMaxs,386,295,261,253,251,249,248,246,246,245,xMins,-509,-509,-509,-512,-512,-512,-515,-515,-515,-519,yMaxs,188,177,177,174,172,172,171,171,166,166,yMins,-500,-501,-501,-501,-501,-501,-502,-508,-511,-512
17.052000,Sta,Initialize Magnet OK!
19.794000,Sta,initialize GPS failed!
21.000000,Sta,Initialization Finish!
32.113000,Sta,Open Casing.
33.184000,Sta,FET1 ON
33.242000,Sta,FET2 OFF
39.573000,ComSDL,GoStraight,0.930000,3600
44.227000,Gps,0,0.000000,0.000000,0.000000
44.783000,Gps,0,0.000000,0.000000,0.000000
45.765000,Gps,0,0.000000,0.000000,0.000000
46.766000,Gps,0,0.000000,0.000000,0.000000
47.765000,Gps,0,0.000000,0.000000,0.000000
48.764000,Gps,0,0.000000,0.000000,0.000000
49.764000,Gps,0,0.000000,0.000000,0.000000
50.764000,Gps,0,0.000000,0.000000,0.000000
51.780000,Gps,0,0.000000,0.000000,0.000000
52.781000,Gps,0,0.000000,0.000000,0.000000
53.778000,Gps,0,0.000000,0.000000,0.000000
54.777000,Gps,0,0.000000,0.000000,0.000000
55.763000,Gps,0,0.000000,0.000000,0.000000
56.763000,Gps,0,0.000000,0.000000,0.000000
57.762000,Gps,0,0.000000,0.000000,0.000000
58.762000,Gps,0,0.000000,0.000000,0.000000
59.780000,Gps,0,0.000000,0.000000,0.000000
60.270000,ComSDL,SetRoverAngle,2.501000,40
93.068000,ComSDL,GoStraight,2.501000,3600
100.714000,ComSD,RunUpNearGoal,2.000000
100.843000,Gps,0,0.000000,0.000000,0.000000
101.775000,Gps,0,0.000000,0.000000,0.000000
102.758000,Gps,0,0.000000,0.000000,0.000000
103.758000,Gps,0,0.000000,0.000000,0.000000
104.760000,Gps,0,0.000000,0.000000,0.000000
105.743000,Gps,0,0.000000,0.000000,0.000000
106.740000,Gps,0,0.000000,0.000000,0.000000
107.740000,Gps,0,0.000000,0.000000,0.000000
108.741000,Gps,0,0.000000,0.000000,0.000000
109.741000,Gps,0,0.000000,0.000000,0.000000
110.755000,Gps,0,0.000000,0.000000,0.000000
111.309000,MagAvg,5,0.323000
111.631000,ComSDL,SetRoverAngle,1.320000,40
116.098000,MagAvg,5,1.268000
117.158000,ComSDL,GoStraight,1.320000,12000
